tx_id,timestamp,sender_address,receiver_address,amount,fee,block_number,gas_used,transaction_type,status
a437c9f8f4bfc129b40df0c9133753b8197e693b543eba4c9fecf7ba8a27bb24,2026-01-16T15:22:39.511401,bc0d893fa8253991353e626c792f8afeb55a958b,25d90bc3c0a3ccf6fea8327a40caade420ebf13a,40.74032587,0.00746979,1131380,98193,contract_call,success
b9cb4f1debfb84a98b31936e697cb00e61ec9a16763d357dd75d7fa6bd3d36c9,2026-01-12T17:14:39.511401,5a30db2cecddd32de34b2db262c9e2b8046581b6,8e7911259e474ae7d25933cce4a8ca22ed123b31,10.16451762,0.00056806,1199688,70777,transfer,success
9191ef71d1ed9d1dd2b732b5e62d9ac0a27aa747d6a5994ab78428cca7b95158,2026-01-22T04:34:39.511401,4934858c22790e2b9a2210f9e9ce27ea6774a2d4,85ca6c323e9d72ae176d109de1da9e6c1586fcd5,35.83882886,0.00395956,1027941,54075,contract_creation,success
06c75a4b4f474a16a78b6707f8c2a2aafb3395eb2cf5af8253f7a8c61528eafd,2026-01-05T06:53:39.511401,29125aca7a66751d22bd44fff3124d31820f2cc4,004626544ef5a0b41c0c0efc9ef1cee9f3c09aa3,42.08809923,0.00476591,1456900,75865,transfer,success
abc4b8467b09e8b1782e40fa0eeba1bb716cb64d5f22ad855c2cc4844aee30be,2026-01-16T08:55:39.511401,642c7345397babfbba149fd4e8f7680154784deb,7359806d3607465fbdd901336e347dd218827e85,83.55496281,0.00492285,1129838,42869,contract_call,success
dbcdc4b73066df04331035e7aaf5498716fa3233d4ba16964172f64c54bd1e43,2026-01-01T01:03:39.511401,65edcb072bf774f56e6c48074db51e8530d5e675,0e36c3de974f513726c087eaa9764e1bacd434a8,55.69127439,0.00439526,1121982,86527,contract_creation,success
8df178b9367bc7df305f4729c348f10a0b54a4501403d4eebead04a242dae14c,2026-01-18T03:32:39.511401,ad0de35182357443b56cc7bb046cf0d115dde530,1affb008b16bc487c4116f65e7d45b2ef19dffea,45.02059951,0.00256463,1387803,97401,contract_creation,success
15a5a1a25dc6ecfdd1d5f2142318c89eaf0daafb1f7bb42e72d97a297c104444,2026-01-05T05:00:39.511401,76ce1762918bfe2c5c2358c1a69ac291eb257958,25d90bc3c0a3ccf6fea8327a40caade420ebf13a,81.6399671,0.00152266,1163191,97236,contract_creation,success
30081c887f7a19c6e13636daa0beee8acf2a925230401bcd9917e052bf54cdb7,2025-12-29T21:09:39.511401,6a749b9d70303f71f0bbf15769eb15021faa1bda,7b4a770527db91b03ab596a8f92fb31d628ff6f8,96.13202893,0.00445248,1333694,87177,transfer,success
049601153277b8e28f08f1ed86cbeb68e9c871f07867e028db7dbba06d3e68af,2026-01-01T01:37:39.511401,08c9911c7ff77c9dbf3940572b60f143be0ca13d,65edcb072bf774f56e6c48074db51e8530d5e675,58.37935381,0.00623471,1132936,21379,transfer,failed
bc3eeabde0c146538e678fc29d1234f9ea6def78a9cdb485497ce35519698262,2025-12-28T00:19:39.511401,8afb15d7d26da4ef63bde1eefbb8f2255bb9258c,24575bbc15ee3c65796c62e246b30e2694b7323d,83.58574814,0.00406314,1079184,78560,transfer,success
05c9de5345ee94df11b13935ee3070d66532511d536eff1e93863f73deaed396,2026-01-01T06:43:39.511401,464048cf0e5a34f7e47d5f23dcfb1d3f339c0904,1bc2e9e70deffa62a3a205745a234acd9a8862e2,91.82897357,0.00303352,1329683,62475,contract_creation,failed
8fedc3a55b60ffe0216d3fa5e4fa4cf9baf4d1941d3912f7e2910e516cb144b2,2026-01-16T23:19:39.511401,3e02b7933d715bd0a23e660fe2c7e691d2b62b10,981f6c3658dd4853243430ee0e0bd9eaec99df6c,53.8352701,0.00105281,1083964,38158,contract_creation,success
93283c34f4134324f34a49e19ae2655fc578c272837e42a5a688d5e03fd85013,2026-01-13T05:23:39.511401,f387a3faa5c6e9cc491c4974366942be5f44df71,c77a68817983732b183c33e33c15f6fa9bbeb710,29.48829182,0.0077228,1061500,30215,contract_call,success
18c9379ed12c8233f7f085479019408d165a34f2f2f0875f741a484353ced16e,2026-01-09T18:38:39.511401,bd7ab7a15a6cfa91ac4a5d46944d99eb8478a13c,496f2e782644d59dcff5a85266b128ff1d5c831e,92.97244734,0.00137236,1033728,51139,contract_call,success
9afb4e6d64a3849404f9d062e8784706ad6359d211799e6fb4b18dc8ba30d899,2026-01-05T20:13:39.511401,46b4051e054bf23e07e379ed0c74b26fbaf7a37f,df81c4ec88f0e53d216b9a2e65b3ee8d14a1bd6c,54.8864727,0.00728038,1152152,80784,contract_creation,success
36bd235fb3e2a91f50f1b7dc5fd2ae77f4c934f67ed81369ed53615e0ebc33ac,2025-12-31T08:00:39.511401,76ce1762918bfe2c5c2358c1a69ac291eb257958,f2c3d4fa84de8c442a47080254aecb69968586fb,70.59801863,0.00397522,1169210,97737,contract_creation,success
1c819f58080dfeb205df72c2a8633f88f226eabdc10906b2138a97ad7f99f609,2026-01-15T23:51:39.511401,fbfc61d83385c737a7a385df60244227f04a87fe,495a1cf8d6485881dbc1cb19cdb2c5060d11fade,64.14177097,0.00824114,1232688,85993,contract_creation,success
97bdbf3882dce535f8bc35a4e2b0eb801e6cbe71eb23caa2f9380a7d7cafd6bf,2026-01-02T12:52:39.511401,19cbb0bde5e402e2695da3cdc909e5ac0a6a3c93,464048cf0e5a34f7e47d5f23dcfb1d3f339c0904,55.7998869,0.00842213,1454186,46176,contract_call,success
55250af11adbedf70de58cf21b81fb6c3f1898c718843434cd6ae0982be885f9,2026-01-22T23:03:39.511401,92c93a41399668366866779db94273a17b3fdd0f,a5803e3050ac829baef8e3686936033747e677ac,67.27522862,0.00940449,1362823,35592,transfer,success
a93c02d874b6b52726a58e54572d0f8c4a223173e9e2f611359379d479f539c1,2026-01-17T17:49:39.511401,1f77fd96b96aae74f19201934098a6468df89999,49f5ad60e051197080a02ba73f4bc520f57cd7b3,94.1996445,0.00438927,1327802,39951,contract_call,success
ae583e33ccf2d2b5b030b946eee88085a0e97a4eb0f12995e23a96f258df1331,2026-01-05T13:54:39.511401,16581c5fb4c1f622b8a3812b5e0e694cf51c4543,f387a3faa5c6e9cc491c4974366942be5f44df71,48.69455774,0.00116451,1109050,93222,contract_call,failed
bd2298c6586e7f981f7dd89dda32b29afa66c07749fb0dfa9cf12d9a232482f1,2025-12-30T02:07:39.511401,d6cf975f6cb8faabe9bdca0cff86f9852be48d6f,4c899059e5670fc8a1ea007143996ff9d230b5c0,0.68401565,0.0037141,1069778,69142,contract_call,success
42177c6c1216d10a2627a2e6da0da54ed20af870b6c2ee5bee51377a495737a3,2026-01-09T06:45:39.511401,5e2d699ebb719522d173bb264d3fc8ca9c01aa37,cd3f762567b5ec90e9e86dc399f3c419af96a61c,46.78659542,0.00760387,1291784,65172,contract_creation,success
b72280472da7ae91cdb0364258b7320f210fe945856cb92caca7ae1b3357fefb,2025-12-27T11:54:39.511401,9f38b252d122e220ae8277b53aa3e68cec36f42e,7b4a770527db91b03ab596a8f92fb31d628ff6f8,45.33667542,0.00963987,1173766,61479,contract_creation,failed
b86d0649d3f04e49cea222c9a29df3bcc7fdd9033eff6eedae9794d044659395,2026-01-05T12:57:39.511401,46b4051e054bf23e07e379ed0c74b26fbaf7a37f,6a749b9d70303f71f0bbf15769eb15021faa1bda,44.12562444,0.00731297,1066735,94663,contract_call,success
396bc8c069bb2da2827552f9285668b731f0c7126f619ffda1e6ce55beb1228f,2026-01-10T14:12:39.511401,b6af7e9299d3e32cf9265cfbcb3359f659ce2ea0,bc0d893fa8253991353e626c792f8afeb55a958b,25.17089056,0.00049745,1143870,36171,transfer,failed
6ca19aaf73ae25d5273c465c5e29df4be4c1a1bea0fbf8e858f19db0c05e6cd1,2025-12-29T11:51:39.511401,7cdc8d5a46842ff1bfcdeb1baab404871342d677,1a1321809912b4732124ff1e1e4b79811f43511b,57.87593182,0.00230095,1190613,34690,contract_call,success
46e7765cf56375bb25934ddc44ccc5edd5de5ea7d79a1afa2e3c8a07f11f07f2,2026-01-14T06:13:39.511401,384ba575b5a90e9567e01e34799dc2377e80fd24,8509a3601fb3cc7b3a609efbddca6064e4252828,57.93580764,0.00715513,1289334,31462,contract_call,success
d270e67cba81af24ccec6ddb5fef534f7d929048218d4dc1d032630a2a697f53,2026-01-15T11:50:39.511401,ad0de35182357443b56cc7bb046cf0d115dde530,5c90f8749d5bad1481f1df09b857e79a6366c13a,60.02322446,0.00523354,1061721,72302,contract_creation,success
77d29b831fa4b9e35a07ad1f35cdb931cf09d4f6024b6bc63656f13b1370016e,2025-12-27T23:55:39.511401,004626544ef5a0b41c0c0efc9ef1cee9f3c09aa3,539fc162a71d6ee9cad032d1af8afc20b2a3c50b,72.16106766,0.00192747,1064292,96936,transfer,success
766e56eb4f5be44cf7439200e0df6e705ecf4e8c98563cdc2468a2c70f2ed736,2026-01-02T23:21:39.511401,fda7db8b42faf13a2c3930a63d38ce755f778208,6291e59d207f2dc8ce8a17d714f669b8bce108e7,52.34271647,0.00092457,1250181,79297,contract_creation,success
8bc85dbd9aacb8bd70cc400cd2e23eae094e2cc81d899e236f21869fda7d580e,2025-12-31T18:23:39.511401,26e48918ba98f317c132e2e46877e0327e842fcc,464048cf0e5a34f7e47d5f23dcfb1d3f339c0904,76.06222732,0.00459418,1258578,63582,transfer,success
c22de9f0c54ee774881a223c6703d0fd03f59adab1907dfaaf01f3086b0eae2b,2026-01-23T08:46:39.511401,afb91baa7e62aef60874b6dd1cccfcc46c71e118,c77a68817983732b183c33e33c15f6fa9bbeb710,48.30601383,0.00123258,1241558,91299,contract_call,failed
a8fec551feab3b40f7a142a3ff0744fb6e85fa35c3dde45e732beecee25e8172,2026-01-04T06:41:39.511401,6a749b9d70303f71f0bbf15769eb15021faa1bda,01a87c50928c2a3af2793b161719b4c4f12c4773,75.09906751,0.00480166,1492205,40424,transfer,failed
422f728ae1519c5447083db47dc17acc709eb13a600095f30d3302cbc3ce6255,2026-01-19T13:03:39.511401,f356dbdbf3e5f00fc15f35171e6ab7554580d652,642c7345397babfbba149fd4e8f7680154784deb,40.89974576,0.00359514,1458720,97661,contract_call,success
07bd6d6645c20866084764177cadf40447256c379080fd2cdd2932d98869659c,2025-12-27T04:20:39.511401,35dc07d746250fc815abaa80a7e0408b4f2809c8,99d4293c5e0912985cc7b15a1b841cf7effc54dc,56.03202574,0.008948,1459765,53347,contract_creation,success
8ce8b079cbad04f881ebcc789b5ee2b88c17d9cd4c9b272569606d73474cff20,2026-01-09T10:40:39.511401,0078d89ed477dc4c7e0999c95817e739229fb616,303cf90702d607f65af32eba218554e93df03547,46.56644091,0.00950897,1343069,92969,contract_creation,success
9cee47c2baa9ef49e20dad76d880e460fcba23b0470c33b8c25b16aa8dc1322b,2026-01-05T02:17:39.511401,e58ac54b80a986171fa5cca4d57a50b18d67d655,2d1598ece3c951ccce3819bf2179639d31737d60,23.46396546,0.00186291,1362340,56651,transfer,success
d33036a9cf6a6c1fc48627bb06a798dae5d5f869ad92843b1a960b129639b441,2026-01-11T13:40:39.511401,74cc5ff4c5d52c49dfe116a3e8b5bf5fbfb560d0,ca3579db5fee595c55c5ebbbeb90fcdb6d392add,53.09190994,0.00075601,1197161,63955,contract_creation,failed
ca09b72468ed1333a4b0fef96cf93613835eebd5e9e8d829e90d4d11941ebbc5,2026-01-23T10:02:39.511401,9b1d130662cf61c8bf3a4812f0fa05a2d3c81bbc,882b0e1975d85fb691b83e4c9168f065ed6817f1,54.88079435,0.00375508,1095410,54257,contract_call,failed
1eb8f309eea5769936384282c6cbf2dd5458e701c1e25947e22b722081f824d8,2026-01-11T15:31:39.511401,772bc343eb66d2e11b8b8fab32d09d79496a3d56,7aaff5b9b7363407677a95fd27ab4e91f7a0fa26,88.25923725,0.00273158,1273638,62785,transfer,success
c10516026ce80166257415093d3ea8d691e3c59b9cf9a5996fa26fa4184a2d5b,2026-01-21T02:23:39.511401,004626544ef5a0b41c0c0efc9ef1cee9f3c09aa3,cd3f762567b5ec90e9e86dc399f3c419af96a61c,55.97336595,0.00638076,1196382,38297,contract_call,success
1fb654494d5e08403a749802326a737112ced9fae60c3667fa0fba1fee1d7f6e,2026-01-20T10:53:39.511401,1979631e8ecb7019fd124f8a894e730818f3f023,394ac223cf8c6932e35b0fff2cab2955adf6b4b9,17.4856782,0.00414805,1474069,91701,contract_creation,success
53d20f2879594f3a23a55ac193a59ede487623804b6db8c0d7de20ff4bc52408,2026-01-15T13:21:39.511401,304cc66140ce3bbc28257b4e8e881b04ac1a47f4,464048cf0e5a34f7e47d5f23dcfb1d3f339c0904,56.75639445,0.0063839,1424432,90541,contract_call,success
24b8ee0c6e48c73300d6004597e4459353ce0ea5b8413260fb6387a7ff4c7acf,2026-01-06T13:50:39.511401,fa9669296f345d5414ff7127c9ecdacc9e4eccdc,4934858c22790e2b9a2210f9e9ce27ea6774a2d4,35.34414041,0.00117947,1498515,90404,transfer,success
ec480302c506954b35c67bb302c7c3e915c0400bb65c7c41f0b4569d49d7af47,2026-01-23T21:24:39.511401,1affb008b16bc487c4116f65e7d45b2ef19dffea,26e48918ba98f317c132e2e46877e0327e842fcc,46.48522334,0.00604972,1322369,96067,contract_creation,failed
4f4ebe35c5b794e6413eb47cf9bfbae051bdc4700e089b3a79c4d6369c7ab803,2026-01-09T21:21:39.511401,85c2853c06c025a839c46e1d0d23853b0a52b175,8e7911259e474ae7d25933cce4a8ca22ed123b31,33.81744425,0.00600962,1288388,55901,transfer,failed
66ce96fa4e084cc6cecbf41cdd2f3dd95a048f06559774cbea0013ae75c15630,2026-01-10T20:17:39.511401,a5803e3050ac829baef8e3686936033747e677ac,35dc07d746250fc815abaa80a7e0408b4f2809c8,75.71161796,0.00200261,1206528,37312,transfer,failed
983bacf2c1d578dee996e871a921ee3e029d40290e06bd0a29daa834a88860d7,2025-12-25T19:39:39.511401,de653acd01229031f45c919f983c32252b1aa1a7,cf1e5b42c037186e69ccf2b6bc9f73cd145a7a14,69.32358377,0.00929654,1419545,37712,contract_call,failed
860c3dd0d0c0f3da7ebff5f5b3d184518a775e834f81c165970d82bbf85019b8,2026-01-12T16:39:39.511401,3e2f4a9b09aa12f89265456484fb9fd74ed9905e,363b496fc6bc8853aa8c43f8fb97cc3c855712e7,45.12489876,0.00166182,1384359,57936,transfer,success
7d6dbe15991a5a58895bec805acdfc578f3471082cb37ceeb9229df5556e8193,2025-12-27T21:50:39.511401,25d90bc3c0a3ccf6fea8327a40caade420ebf13a,5c90f8749d5bad1481f1df09b857e79a6366c13a,56.10917435,0.00273898,1373911,37087,transfer,success
dd9eabf63a29d1a83020a62c63df83b6ffd07efa498b4e854a54f05464cd5610,2025-12-31T20:40:39.511401,74cc5ff4c5d52c49dfe116a3e8b5bf5fbfb560d0,2d3042202ff4ad89b99996a782d7facae6693c0a,19.29223752,0.00451585,1049428,71808,transfer,success
320755b91e693472f80a3d4e60987048b5e580ebcd46bcbc9369330c68b53998,2026-01-12T17:37:39.511401,4c0b09bb3c21060f293265138c355f3c7099be90,25d90bc3c0a3ccf6fea8327a40caade420ebf13a,44.75198316,0.00162229,1440180,82395,transfer,success
2182fedfc20b0a726ddc713a70dcf50b6ff44fd72ca6f0e914ba4d02b99c853f,2026-01-21T05:13:39.511401,981f6c3658dd4853243430ee0e0bd9eaec99df6c,1bc2e9e70deffa62a3a205745a234acd9a8862e2,41.74504589,0.00312177,1264847,40208,transfer,success
3c83f3d2a3fc56fc8aed022bb286c3fc45fbdcdd09608d24fa1683a111d8ef1c,2026-01-12T17:25:39.511401,29534eb48c4aa2b34bff5c8a0b31444054ecd6ea,b8109400b5a3a15d8aaf23368df623e5481150a4,21.0404186,0.00036145,1226729,32326,transfer,failed
ba570cc2f65d922a115c2698114688537bf95f0f1ffb2ca30ad3dcd2e0a62ac0,2026-01-10T21:19:39.511401,92594b7da378a8e14ef21f8b56ca88a982b9ec27,12d1b07854ab663f5d0983924077789f059a2f60,73.3688545,0.0063254,1055935,27542,contract_call,failed
162c69f51edb4760d032e1aab394aefe61911e656c48249e3ed271f427f09419,2026-01-05T05:59:39.511401,a1e24b97f16bff321f46b0e1bfc6050b899bb551,25d90bc3c0a3ccf6fea8327a40caade420ebf13a,5.48890117,0.00782818,1289155,61413,transfer,success
5de0e659898d84aca5880927d67784321204424df9268633c8a39fb6d3f00168,2026-01-19T12:10:39.511401,c76ce849452cee9e9e0d0fbd5b214f2dd225b4f8,6a749b9d70303f71f0bbf15769eb15021faa1bda,18.46352701,0.00512077,1066036,99316,transfer,success
2e0104fb0cc942b419109ed698fec49b6e48071fe3bc9eb58ba5f2bd8416a8b0,2026-01-16T00:17:39.511401,14ee9e523b74474f2747f9ce9bf36b7c9ca7b891,14ee9e523b74474f2747f9ce9bf36b7c9ca7b891,67.40244717,0.00158912,1467477,28863,contract_creation,success
87eec7ab13a80bfb5f2483885670cf2bdcee85ab0a3b507590ab98cdc7b0e0fb,2026-01-22T12:39:39.511401,539fc162a71d6ee9cad032d1af8afc20b2a3c50b,9bb2091fb3b6ae32a080908973168c2a5e57b171,61.86068859,0.00344369,1339691,61658,contract_call,failed
83bf4ce1ce508e4d3c03188c48c2db386177cb0437a4fc9c931cdb0ba9f97a81,2026-01-05T08:23:39.511401,ff329d6d494f21fe38af3962fdd5e93846fca1f4,d6052e7896fda99aafae89ccfd0e869894df7fd4,0.05229882,0.00492261,1483386,27458,transfer,success
a76d3c06ea0ed4f86b34a2cc72f59c1373735d9b3049fb06a55407b2391a8a11,2026-01-08T19:53:39.511401,69df9d9d65bb88e5bce48f0a4e5820d26c084849,80c21f0ff2eed67f655d8d97e9aad37592254456,16.93283031,0.00911386,1500000,31035,transfer,failed
b590a1aae47aa0678e47dce80a63f030f365f2e20c900915134df8b17f43cf2e,2026-01-03T06:22:39.511401,8e7911259e474ae7d25933cce4a8ca22ed123b31,a1e24b97f16bff321f46b0e1bfc6050b899bb551,17.06880353,0.00264555,1309745,90063,contract_call,success
3d9b437d04c6a1879b4ecaac65f554d0bbb18ab9da027057c0e9f2d47e1d9df0,2025-12-31T04:27:39.511401,69df9d9d65bb88e5bce48f0a4e5820d26c084849,54f1e9cd64d203395448e9c03861c781fedccba3,15.47814722,0.00551043,1243163,45393,contract_creation,success
62ef7839e4d11ddc57dc30f2b6834e79bffbdcb4b9853b42348018ecc1eaf9bf,2025-12-26T03:49:39.511401,95897de46c6e22799d92c586096736bbef5accea,ae9c8d1a6877e7a06dbc55839717b59cb61d6714,51.47144035,0.00586837,1083439,41543,contract_creation,success
3e8ecb726ecb1757c75a97d8eb8aec510e52487c27e9b244972544ceb90c1633,2025-12-29T00:43:39.511401,99d4293c5e0912985cc7b15a1b841cf7effc54dc,ffe1a779f30d7bea486bf8039a92e1d5f9b75821,1.24030706,0.00124199,1278993,61955,contract_call,success
4f96181baca9b693fcd51633e29ab68b593bba49e5fbb353c87436781efbf13d,2025-12-28T15:01:39.511401,539fc162a71d6ee9cad032d1af8afc20b2a3c50b,fb1e647ac222ee1e1aeb3937fd3c73f61948b892,88.77111409,0.00804698,1484453,65638,transfer,failed
bfca33f91c2a514223db9bd77bf04ac653b39169633123f545bab13b882e5f75,2026-01-11T12:55:39.511401,6049969581c486c82da84cf71e9b3a96874ffadb,bd7ab7a15a6cfa91ac4a5d46944d99eb8478a13c,31.33295818,0.00198255,1181468,30727,contract_creation,failed
8e91ff33a3d71a6eed61ddce69c56c2151fb4ff2b9a7aaa5cc8c17452a82f1f5,2026-01-09T04:18:39.511401,f356dbdbf3e5f00fc15f35171e6ab7554580d652,f45d1f46d0df8d505b7b15c8db9673cae8ae71a6,83.1879094,0.00487357,1345606,29322,contract_creation,failed
67c64dfc6e3ac9bd63d7c6e06355dae374d357f0fcd4a37ce8065f1ada28ca7a,2026-01-18T10:52:39.511401,cf1e5b42c037186e69ccf2b6bc9f73cd145a7a14,4379c7c8a4a0127620b22db3286160d7f5788144,9.55524363,0.00514826,1225397,49184,contract_creation,success
28270b12e761633db555dfd3db87e939aa6d03ec2f826410ef3b66a51d87e595,2026-01-05T10:33:39.511401,0078d89ed477dc4c7e0999c95817e739229fb616,772bc343eb66d2e11b8b8fab32d09d79496a3d56,84.15941334,0.00186068,1194136,41980,transfer,success
7f79d6b1f602436effe40b8af645d620f2237f59391476e80dd094b7ad882218,2026-01-19T10:04:39.511401,352d39e9272c01fdd64f50c80242213db530d595,7b4a770527db91b03ab596a8f92fb31d628ff6f8,44.5299243,0.00974982,1291578,54322,contract_call,success
fe859cea98832cc5092b4c68ca18a8b605d7f299ab8b3789638e85848aec6436,2025-12-26T22:18:39.511401,709f77db8780891c6937796bb6fb722cabca37ad,f2c3d4fa84de8c442a47080254aecb69968586fb,57.18896421,0.00177333,1296892,61375,contract_call,success
a1a0b1b700ca462454e36019daab84de1f5b182388c0f9941e1f67845bab2f77,2026-01-04T06:29:39.511401,8757f9779d4f4437e3bb81f3fda692cc402ea869,b6af7e9299d3e32cf9265cfbcb3359f659ce2ea0,97.38165794,0.00708485,1323391,58215,transfer,success
c999d9c933e8a601a29863e84f4f1d162816b5672f7dc3f274d9e0c066089b18,2026-01-21T05:23:39.511401,c707182920ed11cbf257423ae8b78d48af86e48d,496f2e782644d59dcff5a85266b128ff1d5c831e,97.25157004,0.00782585,1441270,74640,contract_creation,success
827d805acddfd26b26947aada5e0f53a7166eb95814f41cd845d3e0ad43a5357,2026-01-23T02:14:39.511401,68e36cdd2565dadeced6f593d8714df844530601,981f6c3658dd4853243430ee0e0bd9eaec99df6c,45.10247059,0.00955529,1349960,61160,contract_creation,success
f8254ec5aeef2f4e1ba8a503366c3f52c9366bfd7d8a28ce8cdd583ba0002c0a,2025-12-28T17:10:39.511401,394ac223cf8c6932e35b0fff2cab2955adf6b4b9,c77a68817983732b183c33e33c15f6fa9bbeb710,69.85884902,0.00035961,1088977,82948,contract_call,success
beac2917473a66c004559bffcec324090c88933559e08949cc58796b3751d72d,2026-01-04T11:50:39.511401,df81c4ec88f0e53d216b9a2e65b3ee8d14a1bd6c,17efd34b75e476b69cc5cf9f43bf67d54f713e23,91.4823716,0.00960269,1111424,87144,transfer,success
4f51e84795114d31d8e3e6c15cba5e60c0d0a802b439d33ca600b131814d11dd,2025-12-28T09:36:39.511401,80c21f0ff2eed67f655d8d97e9aad37592254456,35371a0643f6571ce5874b7796842b06f1a556d5,94.88743942,0.0070135,1414179,77935,contract_call,success
b00bfa86ecbcba4f8017c6290201d9e3c63b340288de2fc0966acb039bda0ac5,2026-01-21T06:05:39.511401,10e3a3d7f33bd50dd65794e7365cd619925304d2,4379c7c8a4a0127620b22db3286160d7f5788144,26.20606587,0.00563968,1273704,36274,transfer,success
2855f89ae418ffcee82b349efa2fa76dac7ece94080a8f48315e4655316c77a0,2026-01-10T12:30:39.511401,c9127c673a1b24e05c2e647b3784b0009a3b503b,5ebc582acd1c8872f31ce8a20a452360294f9786,47.96006701,0.00434644,1069760,48585,contract_creation,failed
dcba54a92ecdbb982c5d33591669e006d19184fdc7a88d9ab2a3e0da3fd10dc9,2026-01-01T21:07:39.511401,303cf90702d607f65af32eba218554e93df03547,65edcb072bf774f56e6c48074db51e8530d5e675,56.46739263,0.00450596,1274646,75587,contract_creation,success
85ca5987a2bffa69011eebf8774d7743462a6c52f1cb1f156bd343ebe0246d2a,2026-01-11T15:08:39.511401,642c7345397babfbba149fd4e8f7680154784deb,92c93a41399668366866779db94273a17b3fdd0f,99.84758768,0.00810665,1026463,92478,contract_creation,success
2b43ec05310387883513f097f8703013c598312088d154b5f50001db74fe0d34,2026-01-09T03:07:39.511401,ed24051a26d1c69dd1073828bb33ec921c5bf523,2fdc6ea1f71266ab9515d94029a778a1ea964d53,93.79609155,0.00270235,1306449,48730,contract_creation,success
29d2d784437d377b828cdd03887550518ec76bbf15ebf3c453bc6e4774090bc8,2026-01-08T17:19:39.511401,c317b4efecc8016926df00df238a82e007a3af11,7c4eb476998eee90face337e3d212a5e095cbc4a,25.01932859,0.00988841,1282370,79555,contract_creation,success
1217734e084a075d55ebdaf5b2d3966925a07bd20e319d09d562a3c2c9598513,2026-01-09T07:04:39.511401,08c9911c7ff77c9dbf3940572b60f143be0ca13d,9f38b252d122e220ae8277b53aa3e68cec36f42e,44.71779549,0.00069929,1162456,64865,contract_creation,success
83b37a93e05383f3dbd7653a2794ed1cdf7c4051b61250c6637d7783bfe904f7,2026-01-09T01:57:39.511401,352d39e9272c01fdd64f50c80242213db530d595,9b1d130662cf61c8bf3a4812f0fa05a2d3c81bbc,35.19082464,0.00118507,1178192,70022,transfer,failed
02ed4f35294355f1b0714a9c938853c9beda5aa0db336e2ca0768dd70b440d6b,2026-01-03T12:17:39.511401,1979631e8ecb7019fd124f8a894e730818f3f023,981f6c3658dd4853243430ee0e0bd9eaec99df6c,14.01933376,0.00043696,1398417,37603,contract_call,failed
11b9f7b76fa3adccb5463e76340354b7bbef59ca5153506b0e98f5518aaa2744,2026-01-06T18:29:39.511401,55826cb88dcbb2e94766392a12ccfc11a86f314f,0078d89ed477dc4c7e0999c95817e739229fb616,26.27844991,0.00542635,1458257,73145,contract_call,failed
df8a76d0975952dc4ae1b9f60033d2ae1f47f273ced5cac7de5956d1be4f2b10,2026-01-24T06:07:39.511401,be5be911450db327b549a3348410ca95ac10723c,fbfc61d83385c737a7a385df60244227f04a87fe,82.96146756,0.00614381,1383342,27778,contract_creation,success
f40297bb5c44446fc64445e133d615e822fe282822dd0af2af0e8fdcf7de7cf2,2026-01-12T23:42:39.511401,f356dbdbf3e5f00fc15f35171e6ab7554580d652,11f8ec630ceea492d97fbd4ecc9eed9700e204c8,44.7440427,0.00386815,1355169,44392,transfer,success
1673606faf90ac0df7af41810b198b9c87f8a5e3ca7cc1c528bb3b67b981659e,2025-12-28T08:24:39.511401,e58ac54b80a986171fa5cca4d57a50b18d67d655,495a1cf8d6485881dbc1cb19cdb2c5060d11fade,70.61928937,0.00773113,1009253,81438,transfer,success
33d2aef1c8ac1b1b728bc78d9f752d31fcd3e4fd6aa40ecffff318d18f490ba5,2026-01-10T02:23:39.511401,c76ce849452cee9e9e0d0fbd5b214f2dd225b4f8,bde4956a3f55b09b90538e4300d92259830276d0,82.43829566,0.0030186,1026474,79673,contract_creation,success
f0c4a9f6495dc8d5fbe9d196b381c939f3b504304f0d9723d2eb09665291e774,2026-01-17T08:06:39.511401,e83f6351c3a7cdffc0155773eea39d1ad01108b3,8afb15d7d26da4ef63bde1eefbb8f2255bb9258c,37.93199127,0.0051675,1049807,53250,transfer,success
c7e9cafc97275aef87d4f2d6f03edec8e95041d414a2552997b2d524f6b360bd,2026-01-14T06:20:39.511401,afb91baa7e62aef60874b6dd1cccfcc46c71e118,981f6c3658dd4853243430ee0e0bd9eaec99df6c,79.74595945,0.00680508,1045440,89761,contract_creation,success
d7e47f320d8a674e06fb6db387ee4e595ce563d19e512f62d4fab67e6eafa497,2026-01-23T06:53:39.511401,35371a0643f6571ce5874b7796842b06f1a556d5,46b4051e054bf23e07e379ed0c74b26fbaf7a37f,22.40465308,0.00746183,1416571,37271,contract_call,success
0542c5c41bbf13723dfb9c18df6c12f430651532e18e60bf88aa0741096960ff,2026-01-18T16:31:39.511401,d8f6eda5fda2e11cb37f896e0193ac04e1b6362e,01a87c50928c2a3af2793b161719b4c4f12c4773,0.83226173,0.00874268,1229977,49617,transfer,success
b6c71a33a2fa77e2ab8b1adc46d1d7ee33c0d70ff6d558d7add06913421e5648,2026-01-08T00:15:39.511401,92c93a41399668366866779db94273a17b3fdd0f,f63812aecc934ff02830f1a5083aea49cef946ec,41.15997981,0.00383243,1249742,28529,contract_call,success
41c9d863e4159f02e4f06fc1f2c2fa38da1ef07239961d8ca9da2710e09b45c3,2026-01-20T21:33:39.511401,ffe1a779f30d7bea486bf8039a92e1d5f9b75821,384ba575b5a90e9567e01e34799dc2377e80fd24,55.44148386,0.00849209,1443542,38709,transfer,success
b990ae2a974ff4be612a5e62949dadca3dbc465a11c2ff1c2d9f0b7a706d51da,2025-12-28T10:33:39.511401,708e13ee23e506c24901ccfc9ecbef6ca7871dea,2254eea36172c87e4240255f1dfe99ec01bf002a,85.2682323,0.0023931,1495541,52599,transfer,success
a32417ed1f499caf7f33368976c1eb29dda91114c5f13db6d6b8fe0811c7fc6a,2026-01-21T08:17:39.511401,4681d64ab774c1782af962623b3aa93222885280,2fdc6ea1f71266ab9515d94029a778a1ea964d53,5.93742614,0.00140856,1114851,55194,contract_creation,success
c5b26416b71258f7d46cd6223e6be52852c9a3e913ef2217fd2fdb7da4e001c7,2026-01-12T11:28:39.511401,1eed843ca927e450966ee8fceff968ef074e5aff,adb8657078928f05f8fda408c0dd374f500bb395,67.44185089,0.00803343,1098654,34353,transfer,success
04e1be6215f653fe068e9a2a2c0acdcfe20a1a0e0431a539ab1709ddc4898fa6,2026-01-18T08:29:39.511401,b6753c52d0583464076fd1fbbbc84f3fa3f94d51,304cc66140ce3bbc28257b4e8e881b04ac1a47f4,74.53603965,0.00605238,1117546,33191,transfer,success
9af5c34f8600647cae1adc12f781755c506c0634b2887780499c5c01aff447bf,2025-12-30T20:23:39.511401,7b4a770527db91b03ab596a8f92fb31d628ff6f8,fede3b77d75623c0c97bd08794a83908296d836d,99.75224571,0.00916083,1212699,77993,contract_call,success
8a7e10bd079376919c511ee312c8ad41a3daf7829ed376458f26d13dd0808b2b,2025-12-28T08:03:39.511401,8afb15d7d26da4ef63bde1eefbb8f2255bb9258c,1a1321809912b4732124ff1e1e4b79811f43511b,40.5903428,0.00651481,1491535,58230,contract_call,success
a67f5d48038c8927ccd21a9e4247b9b38f3b69048eede4aeec45b3129dc53a4c,2026-01-23T10:38:39.511401,80c21f0ff2eed67f655d8d97e9aad37592254456,12d1b07854ab663f5d0983924077789f059a2f60,91.02332634,0.00998327,1432205,62934,contract_call,success
685a53afbdd51cd85c56bb5d9fe9d7796c1176070e28b6b70265f9a9da54887a,2026-01-01T03:14:39.511401,45369613be549b1af81fdde504fe127b0bef1378,c77a68817983732b183c33e33c15f6fa9bbeb710,15.14539861,0.00225903,1044077,94089,contract_call,success
0c4331f292911e1684cc2352b1dc85d23a13e73a59a91f8c50ccde8fa6a2168e,2026-01-18T05:38:39.511401,25abd9fabf54df7f55ef1d4e8b0a08964aa40f1f,bba76d3b5e5f719217869269c0b1c8f17e06e197,44.73303519,0.00047426,1300470,73530,contract_call,failed
10496bb97e8212820aa91d615e65b3483c375dfdf46de0196328048b002dd0d4,2026-01-05T21:10:39.511401,b7f1f0402dce5bd5c4167bb12f5ac4f74a076c5e,40f1a9b32fe56231e3e8eb4169d45f5cf9892639,58.90665962,0.00953726,1216311,89513,contract_creation,success
5a8d1a4a68da09451b9a701f85d0d22924dc7756a47810147e9205c6dd2e69b0,2026-01-19T16:14:39.511401,d5ea37a8c94b591caed69d439681029559e9ac7a,c77a68817983732b183c33e33c15f6fa9bbeb710,46.52162268,0.00039476,1262882,29008,contract_call,failed
ec1bb3b4a875853406bbfe24160168bf51c5d06aff2fc6dac20928df56eba782,2026-01-02T23:44:39.511401,8590027e39ea65eee8acc6d730718cbe2cb226d6,adb8657078928f05f8fda408c0dd374f500bb395,36.76803041,0.00809794,1021548,83009,transfer,success
ecbc70b1556d993fc5711b9cb782d7589f60b47570d1a39f1163d203d09fe156,2026-01-13T09:24:39.511401,cf1e5b42c037186e69ccf2b6bc9f73cd145a7a14,afb91baa7e62aef60874b6dd1cccfcc46c71e118,69.80843264,0.00259393,1098501,47198,transfer,success
238338ea7561c0c232d3d9c7132dd3f8466b924f36c24b414dfe3c0201ecbb3b,2026-01-06T01:19:39.511401,9a5d3714d2b6b052b82193ae41735eaec9a5e555,4c0b09bb3c21060f293265138c355f3c7099be90,53.49888114,0.0082585,1226732,91085,transfer,success
f62ec7bb396e046e2ad11875680022663a06331007600f0aab0c030acb35c39f,2026-01-22T14:05:39.511401,f42061e807b5d3bd491a3106d6c3ae4c63b728bc,ed24051a26d1c69dd1073828bb33ec921c5bf523,80.16830488,0.00997988,1153570,87466,contract_call,failed
0a6601df69eae7ad079baacf1303b61ed44bcd6e6dee50e49c8e61845181c793,2026-01-18T22:39:39.511401,fa9669296f345d5414ff7127c9ecdacc9e4eccdc,bba76d3b5e5f719217869269c0b1c8f17e06e197,19.57710626,0.004966,1363520,34735,contract_creation,success
670f1d4f88ddd4a626c7c292bde7eed7197b0a9af6aa95bc943a02eb959defc6,2026-01-14T21:09:39.511401,772bc343eb66d2e11b8b8fab32d09d79496a3d56,1bc2e9e70deffa62a3a205745a234acd9a8862e2,88.22407846,0.00923995,1016276,51256,contract_call,success
7a3f13f5413fe2ad4bf01c6f28f60aeaa8da8fe5a2007908bffd60eb5d5a82b9,2025-12-30T11:24:39.511401,baf5c9f28ce8706771fe52be468642819e52addb,889c73776465eabc59bc5926afc25fdc04d6fb20,2.31287309,0.00674089,1485832,51125,transfer,failed
6f78118514f15b11b08a90dae32b6814959454436122fdf6be2c6812896dbe35,2025-12-29T00:38:39.511401,adb8657078928f05f8fda408c0dd374f500bb395,adb8657078928f05f8fda408c0dd374f500bb395,59.64726075,0.00882862,1495395,86013,transfer,success
2a411b688214b6c5ce1d05fb8712458a2bf0f4be990b058fa33443935057fa96,2026-01-05T06:37:39.511401,c77a68817983732b183c33e33c15f6fa9bbeb710,18c87725e5abbda534e0fb34992b9dd5880c5b3c,19.24038664,0.0009192,1255654,51992,contract_call,success
9ed1f21b886247347710c3da14e6268e089848dd0d2aa0afb2db44f0a667eb35,2026-01-02T23:20:39.511401,cf1e5b42c037186e69ccf2b6bc9f73cd145a7a14,9f38b252d122e220ae8277b53aa3e68cec36f42e,58.12252183,0.00602791,1263540,65536,contract_call,success
35a40d4f4156f5182bbfc65e66ccc1847bc47ce52474d6687c99f8e44b93cae8,2026-01-12T19:32:39.511401,005b2aa8ff98324caa0775bf12701b6929c7a088,384ba575b5a90e9567e01e34799dc2377e80fd24,7.79549035,0.00483398,1284302,31194,contract_creation,success
21a189edb683dac262e9a88dd4a706c6c86f5d968d88262ecaf8fc92c21ff1f0,2026-01-21T17:06:39.511401,5c90f8749d5bad1481f1df09b857e79a6366c13a,4c0b09bb3c21060f293265138c355f3c7099be90,12.50005925,0.00196616,1071170,97215,contract_call,failed
1fd4d4e7e92b7c7c1be3bdc51e7f6e4d2e5c9db0bf828b189112a3bc6a57249c,2025-12-29T04:22:39.511401,6291e59d207f2dc8ce8a17d714f669b8bce108e7,eef04c7f11bf702d9b324a2f7831094db6c7c0d0,50.15286722,0.00563106,1204428,86867,contract_call,failed
d9aa7ebde1d476449d7055736e81d1ac131ed31ea6a9a3edd3bbf0d5c1545ee5,2026-01-11T22:30:39.511401,7fcfc8df0fcb337a118bcb3e7b4ace1c71179a8c,ad0de35182357443b56cc7bb046cf0d115dde530,21.3870837,0.00795709,1251968,46712,contract_call,success
9bb3690fcb424184e976bc573a04278ab8ea691ac831f597a68e814da6623fd6,2026-01-13T07:33:39.511401,b83945ea1caa91a107147047a2c49ed2a78024b2,92594b7da378a8e14ef21f8b56ca88a982b9ec27,33.69007858,0.00873547,1099227,51160,transfer,failed
c144dc665ad91a827b1f07d98ea5f241fa3b9fc9c5e44963876dd990614e3d7d,2025-12-28T07:03:39.511401,ff329d6d494f21fe38af3962fdd5e93846fca1f4,9b1d130662cf61c8bf3a4812f0fa05a2d3c81bbc,69.59049116,0.00978798,1111791,70100,contract_creation,failed
baef21b8aa666e4c367b2e143cde4670bdf3e1fe49072d22b4eb1c436fe5e5db,2025-12-30T13:37:39.511401,ad0de35182357443b56cc7bb046cf0d115dde530,cf1e5b42c037186e69ccf2b6bc9f73cd145a7a14,8.21741739,0.00169548,1494534,77643,contract_creation,success
89fb40f06dde4a7df1c18575353d05cb7aa88d58a22b0eb13ec5f1c7a25e9f1c,2026-01-09T01:53:39.511401,26e48918ba98f317c132e2e46877e0327e842fcc,df81c4ec88f0e53d216b9a2e65b3ee8d14a1bd6c,57.86807254,0.00537419,1320009,87610,contract_creation,success
e6d97edb8f1def25878b070624118e3b3f829b99b0f6cb5f35e477a6af5c7447,2026-01-16T13:45:39.511401,65edcb072bf774f56e6c48074db51e8530d5e675,4681d64ab774c1782af962623b3aa93222885280,90.00076356,0.00505284,1073420,79670,transfer,success
dcf624ab2f71d883f9b045f1f45326edd9316423ec08c72228f24c3b36a70812,2025-12-25T19:34:39.511401,2d3042202ff4ad89b99996a782d7facae6693c0a,b8109400b5a3a15d8aaf23368df623e5481150a4,68.99286272,0.00176869,1361725,68769,contract_call,success
5487e72dfde4235a7604a418dde21e8ada9dac3d416bed43cdf783cfa60e8e56,2026-01-03T00:31:39.511401,394ac223cf8c6932e35b0fff2cab2955adf6b4b9,7359806d3607465fbdd901336e347dd218827e85,9.40965958,0.00919257,1020443,82240,transfer,success
a22ce8addaa8f15c1ba4888a3dccf4681e82c0603216078107de32256e1f1ffe,2026-01-15T15:42:39.511401,fd5a20eb3531e597585954475e8597bbe88e5b9f,49f5ad60e051197080a02ba73f4bc520f57cd7b3,79.84318194,0.00503383,1437636,57784,contract_call,success
ab8e28e0c07aae534c4c986e6a49b35cd788b711d24959a1959345410c1c294e,2026-01-16T17:33:39.511401,35dc07d746250fc815abaa80a7e0408b4f2809c8,539fc162a71d6ee9cad032d1af8afc20b2a3c50b,73.96861782,0.00584008,1110695,88063,contract_creation,success
4bedacb9fab528270ee53c85d56f0940757bfdf9d086ebebeaa106a075a30947,2026-01-20T02:54:39.511401,01a87c50928c2a3af2793b161719b4c4f12c4773,6049969581c486c82da84cf71e9b3a96874ffadb,39.27669273,0.00951229,1281952,78797,contract_call,success
7ce32e92ce13380cac83ff5237e7ae1caab116e6b45b34bdac01484ca40e57b6,2026-01-11T05:39:39.511401,db5f35bab4a6b72c71c4c4fb14beaf2f4d1404fe,1e67e4c0e3920dbc6481b3a8571a4a3b75a0906d,54.35225755,0.00811601,1157934,28176,contract_call,success
83f855dda3bbaa54f9932aed061e5333a66572c8654aaa10e3c6f6baedb302d6,2026-01-18T07:02:39.511401,495a1cf8d6485881dbc1cb19cdb2c5060d11fade,08c9911c7ff77c9dbf3940572b60f143be0ca13d,10.79110384,0.00495647,1131241,34282,transfer,success
b2dabbb3c3cab22ecb56dd951e2c68835c3b85ef0d15e1ee87b57592b1ba0f7d,2026-01-13T18:23:39.511401,8757f9779d4f4437e3bb81f3fda692cc402ea869,bc0d893fa8253991353e626c792f8afeb55a958b,54.68084439,0.00429093,1322980,99016,contract_creation,success
993600247c3f6d3a842d3da45435ce419a9f5ee6822c3c731fff7fc6270b289d,2026-01-03T18:25:39.511401,29125aca7a66751d22bd44fff3124d31820f2cc4,6f02463b4965798ad212be0ef75f45f39304fa5a,92.13074449,0.00241761,1409161,71975,contract_call,success
95d4cb008dd01fd08f5373fcd838db56260e07a7e170ad9765c5e45479810565,2025-12-31T16:14:39.511401,b7e7af1f4eea732f0d5d072e6f0ff5b3b2302d5a,bc0d893fa8253991353e626c792f8afeb55a958b,3.29369824,0.00134894,1266145,45053,transfer,success
ba46b3befb34fbec0ffaddd5f30c24fed6fe7719653bd8ac9f318b76bd2745e1,2026-01-23T12:01:39.511401,8f8e1e0ec0bb4575876b1001330c6f207f21538a,cf1e5b42c037186e69ccf2b6bc9f73cd145a7a14,51.94459592,0.00441186,1268536,69520,contract_call,success
3bef011b916d3d412dc4c75e1bef440a8d827b7db7ed07f1a35cc7400d73d71f,2025-12-31T16:15:39.511401,8f8e1e0ec0bb4575876b1001330c6f207f21538a,c317b4efecc8016926df00df238a82e007a3af11,79.92155687,0.00251528,1469351,64461,transfer,success
a277f6d1021b65580a2d71a84a0c01038a027fe4236ce310e6e7ebc08b353ad6,2025-12-28T05:07:39.511401,bc0d893fa8253991353e626c792f8afeb55a958b,564deb889b11c8759aeb27e1e21fa466e23b47ca,78.14064346,0.0097785,1136884,21787,contract_creation,failed
14b51fd7cc01761d890f68b250bcb0b08a1b188d768db7453f3c0bdb2cd2047f,2026-01-22T05:27:39.511401,af6ddd22e033d31068bc27c42af1b8913c6a5d32,9d36844912594b411912f9d19a8ffceb703f6767,64.60872461,0.00607874,1272297,41723,contract_call,failed
9be369707c4314b02569dff0f074b09ea62ee705699571f528fe351d9200b1f3,2026-01-06T19:24:39.511401,d5ea37a8c94b591caed69d439681029559e9ac7a,43097c075c482bf54e66365e56031dd32c164a68,90.09819815,0.0069226,1083969,62922,contract_call,failed
d211a5d1d18faaf40a0d36d79a8e3209be9dc909e32819ff4b07cf27b6240ad0,2026-01-08T13:09:39.511401,6e355e44c90e0743e230b996fbcc18c8c0f0e579,12d1b07854ab663f5d0983924077789f059a2f60,41.88658574,0.00214716,1351533,36439,transfer,failed
c5f92faca57c125195dbe2b74535b989ab85ed9ca302d6cd0ef381a096e2c200,2026-01-23T12:56:39.511401,55826cb88dcbb2e94766392a12ccfc11a86f314f,c185627f38512cad04bccef4133506ed7dd671f4,35.35856453,0.00728032,1326795,43008,contract_call,success
97c86bc3a9456e4defd1c712abb025611e1f5b7321334ca288c4dbee3c8bfcc1,2026-01-11T23:21:39.511401,882b0e1975d85fb691b83e4c9168f065ed6817f1,b8109400b5a3a15d8aaf23368df623e5481150a4,51.04322926,0.00572779,1408807,30046,transfer,failed
80ca4b4a21ee2590ad6369681e51e6b9fd3d85d13b8138cf3462a034515b65e3,2026-01-11T04:18:39.511401,45369613be549b1af81fdde504fe127b0bef1378,d6cf975f6cb8faabe9bdca0cff86f9852be48d6f,27.00324866,0.0052032,1054879,90665,contract_call,success
4d3b5b30968e199f881875ed8cfae2984db00bfa9ce18a69b2f8d98a89d30ba5,2026-01-03T08:19:39.511401,2d8347599932c8665f5c06484039ba859e0b8921,1979631e8ecb7019fd124f8a894e730818f3f023,96.35218674,0.00430177,1059167,45009,contract_call,success
04e00215841f6e980b6b18ef375d3957deea1f4891fbbf395d2fc305881e2bed,2026-01-09T21:04:39.511401,8509a3601fb3cc7b3a609efbddca6064e4252828,10e3a3d7f33bd50dd65794e7365cd619925304d2,11.89590984,0.00687633,1118787,52642,transfer,success
70f19cf9cb05771b34bab13156e3dedb3866cd30330e43fac820d749714fc577,2026-01-06T12:07:39.511401,92c93a41399668366866779db94273a17b3fdd0f,de653acd01229031f45c919f983c32252b1aa1a7,21.15776708,0.00659935,1318896,44657,transfer,failed
29e7e75fb92ce17121d6a200a930095a8fb7043803004aa874665b762d6e5c1c,2026-01-19T21:34:39.511401,564deb889b11c8759aeb27e1e21fa466e23b47ca,8f8e1e0ec0bb4575876b1001330c6f207f21538a,54.93263103,0.00248312,1221221,39856,contract_creation,failed
03642f94454919a0216c32100504c5cf61925812e70e6f6011733238704543a0,2026-01-21T21:12:39.511401,0078d89ed477dc4c7e0999c95817e739229fb616,40f1a9b32fe56231e3e8eb4169d45f5cf9892639,94.36044237,0.00746632,1030663,68393,contract_creation,failed
588f54977979acf0643e2645d40503e2be7c7178486caa3c00421da4ca7d3887,2026-01-14T08:31:39.511401,d5ea37a8c94b591caed69d439681029559e9ac7a,fda7db8b42faf13a2c3930a63d38ce755f778208,99.28637926,0.00572262,1287171,81310,transfer,success
99443eca74032f139bb12e096ff2d2b1118f6d6328f4e2d9e8d2d4a367bfd0e0,2026-01-17T07:18:39.511401,7b4a770527db91b03ab596a8f92fb31d628ff6f8,b6753c52d0583464076fd1fbbbc84f3fa3f94d51,1.72762791,0.00821834,1030244,58510,transfer,success
07b647c9a20a2a1fc6a9192b72f89f2e1886a6dd13d78607ba3ce91cf35bea31,2026-01-18T14:21:39.511401,fa9669296f345d5414ff7127c9ecdacc9e4eccdc,ad0de35182357443b56cc7bb046cf0d115dde530,85.12230347,0.00404757,1110228,62009,contract_creation,success
6e8c1d7c25c5600cf8a871fd488f20ee315c317cc61d72c0fdd9f92c11f5d750,2026-01-17T21:32:39.511401,43ac3edb0c9b6a97d1dc7e543958ea11093acb96,1affb008b16bc487c4116f65e7d45b2ef19dffea,16.52409943,0.00686829,1326852,93087,contract_creation,success
d3e600a14dc8d871e4a568726895f2e5b16b0a89e131da92372a27e6dd5f9eb1,2026-01-18T06:21:39.511401,a3420012a596fa6d86ef717641b19bd260d02adc,524cec3b666c037a6bddfe2b6e5ea1444a4ad287,75.59372612,0.00483497,1125932,77948,contract_call,success
bc4e637d3aba7357dcdba5ce08bb9918922bad116d9c4e1d7d2487279a53f530,2026-01-23T11:19:39.511401,a1e24b97f16bff321f46b0e1bfc6050b899bb551,43ac3edb0c9b6a97d1dc7e543958ea11093acb96,85.98078576,0.00707887,1173262,36691,contract_creation,success
bf29b33b8303a0515ba400a251341b536644738bf49e986d76a1aaf2c74d69a2,2026-01-08T08:10:39.511401,f2c3d4fa84de8c442a47080254aecb69968586fb,b1007b54bfbfe0f03ceffd3283b7e8317bbda677,49.9778507,0.00544512,1148227,95474,contract_call,failed
16002e35a9a4b6638fa27708470082f79a71a803a3eec8ac91929429318d3e48,2026-01-04T11:18:39.511401,a5ca8c50eb8acda11b55bdff7736c769e2cd2fe0,2fdc6ea1f71266ab9515d94029a778a1ea964d53,38.72254134,0.00016157,1387992,33761,contract_creation,failed
b3b73c84b1ed1a95651ac07f26fc9a2876fa93bee134caf8bc102bf0e3f5c516,2025-12-31T20:37:39.511401,7db7af90dcaf6f861a6df7ee71fd129a23ebcb36,c185627f38512cad04bccef4133506ed7dd671f4,93.11444978,0.00953023,1134737,42369,contract_creation,success
2a4fa8e4b25e19436e45e5d1492fd8af497f8be1b67611b622dbe12c2acbd5f8,2025-12-26T22:14:39.511401,c707182920ed11cbf257423ae8b78d48af86e48d,adb8657078928f05f8fda408c0dd374f500bb395,31.086195,0.0071219,1388069,99820,contract_call,success
ea90faf837ac382af6bfe90370d25d75ddefa6f541dba3f907d24e2d6303db06,2026-01-15T01:11:39.511401,d6cf975f6cb8faabe9bdca0cff86f9852be48d6f,61f90060f90bb647830d9d1f19ab48e30a704c21,65.12738473,0.00565567,1351199,57940,transfer,success
549af4a73f2d84ccaac91c780692d811246380d07b76f1ec5c04dec99365f3a3,2026-01-05T14:51:39.511401,b6af7e9299d3e32cf9265cfbcb3359f659ce2ea0,5a30db2cecddd32de34b2db262c9e2b8046581b6,89.61083479,0.0003993,1152294,48852,contract_creation,success
8f12f5ceb0f3f48b67efd747708ef4be7d680e3df2bbf12fbc739cb451527bb0,2026-01-22T00:39:39.511401,ad0de35182357443b56cc7bb046cf0d115dde530,3e02b7933d715bd0a23e660fe2c7e691d2b62b10,75.93971952,0.00846596,1037169,91628,contract_creation,success
75676f170c963d71f7201787f72faa9447d95467939e11bdbf35c5195043babe,2026-01-05T11:54:39.511401,fd5a20eb3531e597585954475e8597bbe88e5b9f,4379c7c8a4a0127620b22db3286160d7f5788144,95.17646367,0.00045106,1077201,25058,contract_creation,success
1daeb37452dd3b87e6f40f89288ca0231ef072ec925e658996a0617eae9a8f59,2026-01-14T17:53:39.511401,ad0de35182357443b56cc7bb046cf0d115dde530,ae652c784d2ffff9e1f971d68945da4fa21c8d73,45.31544904,0.00567757,1312359,49903,contract_call,success
76b226961f224db35ecedf6960376819d44ecb0b4ad55f2d19268d86afe013ec,2025-12-26T14:45:39.511401,46b4051e054bf23e07e379ed0c74b26fbaf7a37f,303cf90702d607f65af32eba218554e93df03547,19.37989279,0.00493432,1249009,29981,transfer,success
64c84815e77917fc568ab9c60eab958cfe2254131f166d8b86b6c882a6a59631,2026-01-11T00:06:39.511401,a1e24b97f16bff321f46b0e1bfc6050b899bb551,24575bbc15ee3c65796c62e246b30e2694b7323d,11.51340528,0.00139305,1144177,97647,contract_creation,success
101ca8ca7010d7db3b004e25572fbe96acfcf8a017c76bf66d1b98d974fe7d2a,2026-01-01T21:00:39.511401,25abd9fabf54df7f55ef1d4e8b0a08964aa40f1f,004626544ef5a0b41c0c0efc9ef1cee9f3c09aa3,71.10155844,0.00222616,1210047,38757,contract_call,failed
78b28f38435f353b0f87763f8c9c11f4a61f28788c704a2f4eaae089dd67f42c,2026-01-06T16:43:39.511401,1bc2e9e70deffa62a3a205745a234acd9a8862e2,5a30db2cecddd32de34b2db262c9e2b8046581b6,41.00870797,0.0027943,1461476,70898,transfer,success
8d7183111afa5778ea3c4dc5764a686f0319aba0e0167071e452455934e80239,2026-01-14T14:21:39.511401,5c90f8749d5bad1481f1df09b857e79a6366c13a,464048cf0e5a34f7e47d5f23dcfb1d3f339c0904,34.11610754,0.00286069,1176844,60031,contract_creation,failed
35a5a66b4dda22366e0426aeecbd963edba954e9aa14111f1168fd7e006e1be6,2026-01-13T23:36:39.511401,85c2853c06c025a839c46e1d0d23853b0a52b175,882b0e1975d85fb691b83e4c9168f065ed6817f1,69.68308657,0.00211703,1171523,59862,contract_creation,success
8b205eb44be0a9b87441dcf37158225f22f59280120ebef49d1a9cab0d42742f,2025-12-28T19:10:39.511401,728e13ef0861327b18e89e114c9c7db433fe65f8,8fc0aee7eff69c3434708013314a8de61a969126,50.33743085,0.00354862,1020009,50117,contract_call,failed
a5d29577827714f2ea4adf6360d20371293141725e2725cbf77af7b176864936,2026-01-09T12:48:39.511401,4681d64ab774c1782af962623b3aa93222885280,61f90060f90bb647830d9d1f19ab48e30a704c21,89.39371361,0.00971368,1271002,25180,contract_call,success
d8b17957b7ac2b1d991470c56a9a84197edbd7a33bf131ccfd0154342327ad32,2026-01-01T12:50:39.511401,4c0b09bb3c21060f293265138c355f3c7099be90,b6753c52d0583464076fd1fbbbc84f3fa3f94d51,43.9644285,0.00262447,1376912,85522,transfer,success
3c91a9207de9951e972349318dbdc46813757e758c95d0c5cf5c1378361db06e,2026-01-05T06:20:39.511401,709f77db8780891c6937796bb6fb722cabca37ad,17fc5aa0e9bf08af67bac7bd083d6790e29fce5b,59.30815189,0.00689789,1297952,88772,contract_creation,success
4e6cd11493f514c49236174f252298ee156e3a7e9decff15525d43c1833f2cb9,2025-12-29T09:04:39.511401,65edcb072bf774f56e6c48074db51e8530d5e675,d6732552243a48e1bdb3b7505529da07551e6fd0,5.39896708,0.00890557,1002311,77423,contract_call,success
f5e149b0998bb09377b344cb1169826f7219d930d997b002c8490c9d3d5edbd6,2026-01-09T10:40:39.511401,2636e46aac83292fb3d7ff1c0949a0d60387a45e,6e355e44c90e0743e230b996fbcc18c8c0f0e579,29.80765287,0.00104385,1424204,31153,contract_creation,success
5d71758b158baf745ed28db32bbd2fe629b31fca850ab894c23e0de49acf7df2,2025-12-25T21:32:39.511401,6e355e44c90e0743e230b996fbcc18c8c0f0e579,b1007b54bfbfe0f03ceffd3283b7e8317bbda677,10.07833165,0.00741744,1151298,49574,transfer,success
b7b59fdad4793b9031916fe571fa09af4f7f7d528a136b8f257a8f50d5a09d96,2026-01-08T13:39:39.511401,9e619719b21069076caebf3fae5631ded8cf7b9e,f387a3faa5c6e9cc491c4974366942be5f44df71,80.16361785,0.00892152,1260330,56011,contract_call,success
fc15f2c4443f9f0628509853c6718d56097fe3167c774a6dcf91e4c342b5858b,2026-01-04T14:20:39.511401,2d1598ece3c951ccce3819bf2179639d31737d60,5c90f8749d5bad1481f1df09b857e79a6366c13a,99.35070229,0.0016514,1163093,24578,contract_creation,success
b4ea6c9161da3d17e4a4dd54d04e8431eca52f6760e654503553b72d3337eec9,2026-01-17T07:13:39.511401,8b657963469153c8784445df2ebf67b17739af28,524cec3b666c037a6bddfe2b6e5ea1444a4ad287,99.0738352,0.00988267,1444706,21388,contract_call,success
0a599f231a08e60fa912063ae45c86f3c565689f3547e08ff0c000c2c542b6de,2025-12-29T08:36:39.511401,c185627f38512cad04bccef4133506ed7dd671f4,35371a0643f6571ce5874b7796842b06f1a556d5,22.92694214,0.00295638,1065306,80726,contract_call,success
8767c8d16cad90c9a2399e55c9b502292c561cd890d4539e1745a483094944be,2025-12-31T08:20:39.511401,11f8ec630ceea492d97fbd4ecc9eed9700e204c8,b602510ed7e46f8e0cf42a7507e642840d7fb341,33.09010575,0.00313594,1471713,81451,contract_creation,success
b3813d2136800d0919eb40dd8b41bad3bddcc3a3dc1312ac510e4e6b2b0e1c4b,2026-01-20T23:29:39.511401,8e7911259e474ae7d25933cce4a8ca22ed123b31,29125aca7a66751d22bd44fff3124d31820f2cc4,8.48009298,0.0030481,1415058,70235,contract_call,failed
37bb6426bd032d85b5cd9cd2212901f46c669e7f925b3cc873c1fd3ff7a095fc,2026-01-10T09:57:39.511401,6f02463b4965798ad212be0ef75f45f39304fa5a,baf5c9f28ce8706771fe52be468642819e52addb,31.00985331,0.00365774,1421480,96909,contract_creation,success
e537816495127c011ef7ba3e89d38f5e7f8a967472f9d7ebb304e11e8700e20b,2025-12-26T03:26:39.511401,08c9911c7ff77c9dbf3940572b60f143be0ca13d,2d8347599932c8665f5c06484039ba859e0b8921,45.47383183,0.00785912,1279514,64049,contract_creation,failed
53417626eb816dd73a9715868d13f6e14cd06ad9716aa91257771d0616e32791,2026-01-21T04:34:39.511401,4c0b09bb3c21060f293265138c355f3c7099be90,f45d1f46d0df8d505b7b15c8db9673cae8ae71a6,60.01912582,0.00768986,1277939,37070,contract_call,success
bbee942f79fc3593baf68e4cf4579625c327bb3e3b0bed797f2142580b386ac3,2025-12-28T22:13:39.511401,2254eea36172c87e4240255f1dfe99ec01bf002a,5ebc582acd1c8872f31ce8a20a452360294f9786,16.02120549,0.00789472,1049711,45222,transfer,success
992e8589a4d6d6e0dbc368c67ad3ba705e476d51c870cf8724e4d9d641e9f811,2026-01-10T12:12:39.511401,e7aefa40fd33f17deda38f184cf9e04b4203e38d,1affb008b16bc487c4116f65e7d45b2ef19dffea,60.74454214,0.00291131,1051826,23116,contract_creation,success
de8c34766c3b6db7adc92864a30100a207fc55caf25fec9f36c61b0467723a9b,2025-12-29T03:04:39.511401,5a30db2cecddd32de34b2db262c9e2b8046581b6,55826cb88dcbb2e94766392a12ccfc11a86f314f,43.23766003,0.00581894,1469078,54700,contract_creation,success
5bd912435e7fecfef722492aad61584320086f08ad00409799416c7856ed7b1c,2026-01-10T02:47:39.511401,1bc2e9e70deffa62a3a205745a234acd9a8862e2,2254eea36172c87e4240255f1dfe99ec01bf002a,49.45990158,0.00790852,1180624,79460,contract_creation,success
37896f06af38ea7eb14a94736337f4498166464f716e77ebd48915d59f2a8de2,2026-01-14T07:45:39.511401,304cc66140ce3bbc28257b4e8e881b04ac1a47f4,524cec3b666c037a6bddfe2b6e5ea1444a4ad287,15.09484518,0.00386431,1084750,74016,contract_call,success
664ccaf2ff808a37b5f3000d922e8f68cccca4939a15e906e4fc4b703d907460,2026-01-08T08:50:39.511401,aef7c64708f71437c6dec3fb3b9c99fd4d2094b7,539fc162a71d6ee9cad032d1af8afc20b2a3c50b,69.63224549,0.00421809,1048565,25733,transfer,success
c1a7b1d19a68a761f6ef0a0edc6a0666e53292b27542e11a0a5d9d041ce673d2,2026-01-03T07:30:39.511401,7c4eb476998eee90face337e3d212a5e095cbc4a,baf5c9f28ce8706771fe52be468642819e52addb,35.95367565,0.00127177,1167636,76347,transfer,success
365753791c05a0322b57be11763e970a90b6df0adc3b3a75ff790322f0e44229,2026-01-21T08:50:39.511401,f42061e807b5d3bd491a3106d6c3ae4c63b728bc,1f77fd96b96aae74f19201934098a6468df89999,45.05170134,0.00140054,1449678,91748,contract_creation,failed
5e076b2b45ec12d4ee221e1c853a0e7c14a69e1b1e7faef8fce4ef289ec54bcc,2026-01-13T14:36:39.511401,0e36c3de974f513726c087eaa9764e1bacd434a8,95897de46c6e22799d92c586096736bbef5accea,25.66525346,0.00362894,1438216,25404,contract_call,failed
c32cd10901bb35d3fb701fd41c7c0c904a5f100cd386a27ac8605280d3d59c09,2026-01-17T02:06:39.511401,4c899059e5670fc8a1ea007143996ff9d230b5c0,1f77fd96b96aae74f19201934098a6468df89999,65.0107572,0.00146953,1049245,82472,contract_call,failed
5f9fc9f314bb002063ced00fd310c294ffaf5ce05d53097758cf8e0e3e249e4f,2026-01-19T03:14:39.511401,f356dbdbf3e5f00fc15f35171e6ab7554580d652,a5803e3050ac829baef8e3686936033747e677ac,40.18309095,0.00369466,1300972,50726,contract_call,success
b95452e4499741f6597d4394642e329ba638ec89acedc294251328104f86f6b7,2025-12-27T03:18:39.511401,b1007b54bfbfe0f03ceffd3283b7e8317bbda677,6049969581c486c82da84cf71e9b3a96874ffadb,21.56587014,0.00752809,1403433,33605,transfer,failed
0b363657a7433327f2c6aabf3d60397518ba3d53ee1e75effc9a36cc6239bd73,2026-01-15T21:40:39.511401,2d1598ece3c951ccce3819bf2179639d31737d60,80c21f0ff2eed67f655d8d97e9aad37592254456,95.73739922,0.00703001,1323865,24699,contract_call,success
31b797fb9c736245a96bde099e83a1c27ecf539007dd3580ff6aeffe97552999,2026-01-16T21:46:39.511401,46b4051e054bf23e07e379ed0c74b26fbaf7a37f,ab5bb17e6b58fb97d83b89115a6ee695794e9637,56.18631222,0.00013633,1355176,57831,contract_creation,success
9c5ca4859338630af7391794b194cdb56c56a8806d2ca4c226c299849d4a113b,2025-12-26T12:11:39.511401,384ba575b5a90e9567e01e34799dc2377e80fd24,eeeb5f5d21c99608d4c9cddae31c499d52e2cead,4.17945783,0.00656246,1401289,67661,transfer,success
d6d58f09f2373de4a53a372e97f08a671f07c643d3444499970bde28f1b0956b,2026-01-15T17:25:39.511401,2d3042202ff4ad89b99996a782d7facae6693c0a,e83f6351c3a7cdffc0155773eea39d1ad01108b3,50.00031437,0.00888279,1354739,63043,contract_creation,success
ec1034810831b3eb31d11983d265700ac22451599843ca9f1357077259dd8ba2,2026-01-01T13:01:39.511401,1affb008b16bc487c4116f65e7d45b2ef19dffea,aef7c64708f71437c6dec3fb3b9c99fd4d2094b7,17.7444255,0.00240686,1467475,70540,contract_creation,success
01cd82ec7e8de1f0ebb710e82b2fb4993ce9bdeda7c949a819e9e3224038bcf8,2026-01-08T16:42:39.511401,ed24051a26d1c69dd1073828bb33ec921c5bf523,464048cf0e5a34f7e47d5f23dcfb1d3f339c0904,65.36997633,0.00089485,1129384,77307,transfer,success
8175ca335ac0e7ad3808fbdb2af88d0f90a55c7de74a931c1f658d8b512e90bd,2026-01-19T12:00:39.511401,76ce1762918bfe2c5c2358c1a69ac291eb257958,25abd9fabf54df7f55ef1d4e8b0a08964aa40f1f,15.291687,0.00872793,1294619,77985,transfer,success
48d2f5c07e01719e491840d8438bce5bad39bb04f1ab2a2c1a83b042732726d1,2025-12-28T21:17:39.511401,74cc5ff4c5d52c49dfe116a3e8b5bf5fbfb560d0,cf1e5b42c037186e69ccf2b6bc9f73cd145a7a14,38.95316173,0.00620713,1240470,56313,transfer,success
c035a11341c2fe113f29be4eabf5722b122ff41a68ce88f22062619fdb670d23,2026-01-03T18:30:39.511401,9f38b252d122e220ae8277b53aa3e68cec36f42e,e471a7da07d19672c5d92b13dba97970a5f9ca21,60.55115197,0.00176908,1230509,74793,transfer,failed
226c044eeaf78d9b7dc48917df41329b078fc1ceae820968b4cad5a46840113e,2026-01-15T18:42:39.511401,b8109400b5a3a15d8aaf23368df623e5481150a4,2d8347599932c8665f5c06484039ba859e0b8921,61.20548441,0.00123031,1261640,46320,transfer,success
efe0b2a5a3616f49026783dffba9ccebefd2208009b81995287a01ffe37e1783,2026-01-14T22:19:39.511401,45369613be549b1af81fdde504fe127b0bef1378,ff329d6d494f21fe38af3962fdd5e93846fca1f4,16.16214766,0.00970556,1488855,76117,contract_call,failed
d5fa84303345e0aebeb08a2cb548defc4e4b0681ea850829bfbeaee152a1ad6f,2025-12-26T20:05:39.511401,352d39e9272c01fdd64f50c80242213db530d595,f2c3d4fa84de8c442a47080254aecb69968586fb,12.18198664,0.00738087,1378617,24039,contract_call,success
21fa235e5f0c5b32c7ae8252c463ff32d550d46d6b94b35129d7a99afa407f80,2025-12-29T05:44:39.511401,fede3b77d75623c0c97bd08794a83908296d836d,ff329d6d494f21fe38af3962fdd5e93846fca1f4,44.96538235,0.00838188,1324084,24973,transfer,success
eea57a22276050a9fc58b1aa5c7e28bcb44412ab0f1533d4ed3dab9f0878e5b7,2026-01-01T20:07:39.511401,9d36844912594b411912f9d19a8ffceb703f6767,f387a3faa5c6e9cc491c4974366942be5f44df71,83.25121191,0.00533229,1297482,55643,contract_call,failed
a1cc33f9a51fec01f6c5fd92a2fe958f656a93527a00879702d524f551992253,2026-01-12T18:58:39.511401,b7f1f0402dce5bd5c4167bb12f5ac4f74a076c5e,16581c5fb4c1f622b8a3812b5e0e694cf51c4543,92.47142249,0.00107737,1344677,27783,contract_creation,success
b1a9b0fed49189954ae89f01d4c330bacfe3e6b3bd2b8e8c3c72fe8cb0b1fb82,2026-01-23T20:32:39.511401,7359806d3607465fbdd901336e347dd218827e85,352d39e9272c01fdd64f50c80242213db530d595,75.66549535,0.0044586,1422050,78467,contract_creation,success
8a92b9771c08750a62a8b723d9fb8d804611de0e094c9a2691962f44cb6c84b1,2025-12-27T13:30:39.511401,5c90f8749d5bad1481f1df09b857e79a6366c13a,527442721d2913755f3dff2822a95fdd59c8f1a1,99.3229389,0.00840872,1150518,56750,contract_call,success
f8442c39e28e290050aed9e2ea033f011bc7b48ec34372cdf49989c9fd239845,2026-01-10T12:58:39.511401,9b1d130662cf61c8bf3a4812f0fa05a2d3c81bbc,2d1598ece3c951ccce3819bf2179639d31737d60,27.32547869,0.00593817,1124483,40612,transfer,success
d4447f1d96a012576d013f1a3d2f1a024f52bcfdb084a80d65df364c0683a036,2025-12-31T08:34:39.511401,f356dbdbf3e5f00fc15f35171e6ab7554580d652,de653acd01229031f45c919f983c32252b1aa1a7,54.61009164,0.00650775,1387152,71085,contract_call,success
86d8f14166ff5d6654765458145e3aded634f2aed88b98c720e6f820b1b6aed4,2026-01-11T20:19:39.511401,c2ee024df625fa7c70f42745f31a382b14cbe2f7,6e355e44c90e0743e230b996fbcc18c8c0f0e579,65.32057629,0.00154216,1287467,84301,contract_creation,success
b4bfbf92669ba10dd2ee128fb757a60e1e7447482b0e3b3f63c203a3437d57c4,2026-01-09T15:19:39.511401,d105c1ebad761f331f628f3db57cb6aa056836ba,b7e7af1f4eea732f0d5d072e6f0ff5b3b2302d5a,78.30054854,0.00192064,1183657,78333,contract_creation,success
2eb0adf981ba40a85f100fed5f2ddfaad59b648b75fbcc7b97502dd25806163d,2026-01-20T17:37:39.511401,915644c0f633be47284192536b918dd7c0bd4dd1,e471a7da07d19672c5d92b13dba97970a5f9ca21,60.95318216,0.00939584,1272444,80916,contract_call,success
da143ae85c6ae2005393d50f05fd957dba06fa0b28f67f30d8cbb12d23b6520d,2026-01-09T23:02:39.511401,bba76d3b5e5f719217869269c0b1c8f17e06e197,ad0de35182357443b56cc7bb046cf0d115dde530,33.98719795,0.00341559,1126582,62984,transfer,success
94c947f8d1e96ca0dceae536c7670558296e2e4000b64ffa6dabb39cb92390b9,2025-12-26T05:31:39.511401,c76ce849452cee9e9e0d0fbd5b214f2dd225b4f8,642c7345397babfbba149fd4e8f7680154784deb,20.03704745,0.00066773,1469517,68126,transfer,success
b9b5f5e39861ce58bd0c4d5613af379b5f5660dde3b40b206dcc4addfe2cf872,2026-01-19T18:59:39.511401,a5ca8c50eb8acda11b55bdff7736c769e2cd2fe0,882b0e1975d85fb691b83e4c9168f065ed6817f1,6.93573763,0.00305599,1023855,75619,contract_call,failed
e542ade1a22e0136c076efa20477ebeca7eef2bcab4f9984619da074c420534f,2025-12-31T00:08:39.511401,29534eb48c4aa2b34bff5c8a0b31444054ecd6ea,ab5bb17e6b58fb97d83b89115a6ee695794e9637,84.09606697,0.00641268,1249955,83965,transfer,success
b7f716499096269c130d11c3eb2582239ae5f9f2d6a9ba8f9eb9928ddfec81e6,2026-01-14T16:12:39.511401,b6753c52d0583464076fd1fbbbc84f3fa3f94d51,c77a68817983732b183c33e33c15f6fa9bbeb710,40.30126951,0.00201314,1393313,79852,contract_call,success
c3d8f01024eece3b6e8dafb8c1a57b8b70d7274b80ada265eec80513c890a656,2026-01-17T20:47:39.511401,ad0de35182357443b56cc7bb046cf0d115dde530,7fcfc8df0fcb337a118bcb3e7b4ace1c71179a8c,72.17539025,0.0028362,1408855,84786,contract_call,success
2f8fa5fff8d2fb1a3d9b7fb24a1e238dc137acf2a79b4948b0136962ae929b58,2025-12-30T23:50:39.511401,193855b4a88021e8e55dc5c3714b5c8f2b45961f,d8f6eda5fda2e11cb37f896e0193ac04e1b6362e,68.52671531,0.00819343,1155772,40228,contract_creation,success
40ed0e1eca820dc480c41323103831d10bfe41128bf12f19bec1ee0dd52dea3f,2026-01-07T14:10:39.511401,85ca6c323e9d72ae176d109de1da9e6c1586fcd5,80c21f0ff2eed67f655d8d97e9aad37592254456,54.52143552,0.00936405,1357370,40096,transfer,failed
92074e07692b64c21780059b2ff73f12c207fadde7caed8320e6606259602fba,2026-01-12T15:17:39.511401,df81c4ec88f0e53d216b9a2e65b3ee8d14a1bd6c,f2c3d4fa84de8c442a47080254aecb69968586fb,34.62235829,0.00915442,1419034,93403,contract_creation,success
ae76574f8a012ed3afe961d66d2ca45a0ad95532622bf981d8ccb1ad5b18aa99,2026-01-05T20:06:39.511401,7c4eb476998eee90face337e3d212a5e095cbc4a,8228298289a5adee258716c0e08bf8a2d7c29a7d,24.69491268,0.00244088,1040544,92287,transfer,success
e40329ee5af1e17cd0334b38762c2614b66d5cebbb65fd5e8e15daec86ca9e44,2026-01-17T22:02:39.511401,25d90bc3c0a3ccf6fea8327a40caade420ebf13a,394ac223cf8c6932e35b0fff2cab2955adf6b4b9,13.26640501,0.00548492,1213803,61528,contract_creation,success
9be6a48e48a0e244c55067e1493a97b0a160c5f6f2b01783bc0d6f522c7fb93a,2025-12-28T19:06:39.511401,5c90f8749d5bad1481f1df09b857e79a6366c13a,4681d64ab774c1782af962623b3aa93222885280,6.12059401,0.00286582,1191047,38759,contract_creation,success
4041782b51ebb67afb685252963ea08902a859513f0bf14f5232b89e3710019a,2026-01-12T00:21:39.511401,be5be911450db327b549a3348410ca95ac10723c,bde4956a3f55b09b90538e4300d92259830276d0,6.41621933,0.00196411,1267787,74125,contract_call,success
73ed99774c47ba3e27cbac4f2ee8bfa40f52aaa0e7685afd48799fa9c52b8152,2026-01-16T18:08:39.511401,29125aca7a66751d22bd44fff3124d31820f2cc4,889c73776465eabc59bc5926afc25fdc04d6fb20,96.51404139,0.00569542,1474152,27221,contract_call,success
020dd8e7eceb6df4fddff08fe3e82ac5f479f2dce3a989153b54577c5df3917a,2026-01-24T14:08:39.511401,b6af7e9299d3e32cf9265cfbcb3359f659ce2ea0,92594b7da378a8e14ef21f8b56ca88a982b9ec27,39.84069901,0.00198585,1232638,47284,contract_creation,success
b679077e42daced5b22eff692fba8f56ad1fad61425ad43c54379ffc2171b222,2026-01-03T03:00:39.511401,7cdc8d5a46842ff1bfcdeb1baab404871342d677,85c2853c06c025a839c46e1d0d23853b0a52b175,18.15055257,0.0066429,1336033,37133,contract_call,success
7984fd4d4dae8a80b6829963c13e6abcbbb0da9e77298a851c7adb9d8580ec7b,2025-12-30T15:44:39.511401,728e13ef0861327b18e89e114c9c7db433fe65f8,74cc5ff4c5d52c49dfe116a3e8b5bf5fbfb560d0,64.50277644,0.00328214,1186935,97542,contract_call,success
d29a7d1913ef82b239eae276ae9afc1f2c6d337ecdd309a0f2a2805da7ef1f3d,2026-01-23T21:51:39.511401,8b657963469153c8784445df2ebf67b17739af28,1bc2e9e70deffa62a3a205745a234acd9a8862e2,54.50231356,0.00173357,1054522,67119,contract_creation,failed
ac1a2ed64fcf97286fb61fa977bd455a59ce0a59dde31dd4ce3f10acb9d30ebe,2025-12-25T22:49:39.511401,26e48918ba98f317c132e2e46877e0327e842fcc,4379c7c8a4a0127620b22db3286160d7f5788144,25.49821112,0.00066314,1222420,40898,contract_call,success
70750b82b0e424c8d6c474fb88a5b0e4da456d83ecc3b3b90dea6b1e47045e35,2026-01-14T23:23:39.511401,7cdc8d5a46842ff1bfcdeb1baab404871342d677,afb91baa7e62aef60874b6dd1cccfcc46c71e118,51.41777965,0.00653923,1427077,36676,transfer,success
f2d1650b0519c666f1152a79839d96646d0ae84c8cbe3165430576c0ee5721d4,2025-12-27T20:08:39.511401,49f5ad60e051197080a02ba73f4bc520f57cd7b3,8757f9779d4f4437e3bb81f3fda692cc402ea869,11.87855926,0.00225016,1292686,73647,transfer,success
a4a72f0c95785d30e4292505f080fb2ed3a0fb2a3ad4b41416ff90fe8f7c1c7c,2026-01-17T01:54:39.511401,0e36c3de974f513726c087eaa9764e1bacd434a8,8e7911259e474ae7d25933cce4a8ca22ed123b31,40.07326765,0.00715645,1165260,90011,contract_creation,success
273a60f7b295150cc704133705440996312ac7fc75fe67aa3b6cda109aa8d99b,2026-01-07T17:48:39.511401,c317b4efecc8016926df00df238a82e007a3af11,d8f6eda5fda2e11cb37f896e0193ac04e1b6362e,59.86628858,0.00265701,1206712,46315,transfer,success
05803d6978bf9d36f7323e901714c15aa40a33565a731935ee8c488101a8fd9a,2026-01-14T23:08:39.511401,83337b2889c2225d23fb6f3272fa30f69a06fd46,2636e46aac83292fb3d7ff1c0949a0d60387a45e,52.30260415,0.00737987,1137357,61455,transfer,success
6002e949c8d00db363b075ea0a7c5583040577550aca0b492aca9d4d4817f0f3,2026-01-02T07:18:39.511401,1f77fd96b96aae74f19201934098a6468df89999,4c899059e5670fc8a1ea007143996ff9d230b5c0,40.55379511,0.00098684,1387376,67311,transfer,failed
70bb7c927f0dc3ae3a0f2c69ef5445d030908573bfb0317f86d07bb7ae2ea3d2,2026-01-14T14:48:39.511401,85c2853c06c025a839c46e1d0d23853b0a52b175,b8109400b5a3a15d8aaf23368df623e5481150a4,70.82185486,0.00072188,1181173,99942,contract_call,success
dc112cbd53a9b60f509849c90369d54d11b6dc9958df9a13640c0e891259bdcc,2026-01-24T15:08:39.511401,69df9d9d65bb88e5bce48f0a4e5820d26c084849,6291e59d207f2dc8ce8a17d714f669b8bce108e7,57.85170668,0.0094804,1016872,96767,contract_call,failed
9befd0b24644e117278d250c4031a777a4d2aae594383744f379626532888410,2026-01-07T04:27:39.511401,ca3579db5fee595c55c5ebbbeb90fcdb6d392add,25d90bc3c0a3ccf6fea8327a40caade420ebf13a,94.884402,0.00188856,1186588,93335,contract_creation,failed
739a84f2fe2a327dd2615288f4e6c2ac13a590d6ae76b2dc412bd48391199c29,2026-01-15T20:15:39.511401,3e2f4a9b09aa12f89265456484fb9fd74ed9905e,80c21f0ff2eed67f655d8d97e9aad37592254456,83.63867736,0.00924716,1246439,94062,contract_creation,success
25a1404d9ca78e8673032abe11d3b0b31bda64431cd45c372fc4635ef7d7a680,2026-01-15T09:19:39.511401,b7e7af1f4eea732f0d5d072e6f0ff5b3b2302d5a,384ba575b5a90e9567e01e34799dc2377e80fd24,14.7858278,0.00050838,1285573,93464,transfer,success
d1d91e0a7166e1f622bd10389e82d18364a0d2cc3523476c51b04a59ef63b001,2026-01-19T14:00:39.511401,c317b4efecc8016926df00df238a82e007a3af11,50e1ca291d07f081b092140207ccbe2961da3095,3.83633282,0.00118358,1496335,43474,contract_creation,success
9993e237d149fcdbca485761d9a549881800d44d94022201167e8f710a0319e5,2026-01-04T19:11:39.511401,7359806d3607465fbdd901336e347dd218827e85,ffe1a779f30d7bea486bf8039a92e1d5f9b75821,99.73762866,0.00040014,1263804,75679,transfer,success
42bb4c9c0983c47b3b64fdb21a1397457174ddb18aeaf15e13cef34555ad58e2,2025-12-26T23:04:39.511401,6e355e44c90e0743e230b996fbcc18c8c0f0e579,be5be911450db327b549a3348410ca95ac10723c,87.84151779,0.00227528,1283000,99399,transfer,success
c0591792bb84492dbbf9c0fd781d68ad7a354bee61e2031c25ae08bb364fd8bb,2026-01-07T13:37:39.511401,18c87725e5abbda534e0fb34992b9dd5880c5b3c,6a749b9d70303f71f0bbf15769eb15021faa1bda,85.47422867,0.00860131,1281849,52675,contract_call,failed
9d4b22905e8fefb328f00e6aa6b30745ecf1dcb1cc454f5f94457f748ebb5faf,2025-12-28T11:18:39.511401,55826cb88dcbb2e94766392a12ccfc11a86f314f,7359806d3607465fbdd901336e347dd218827e85,93.39765617,0.00391399,1256919,97232,contract_call,success
7017fa152715621011677be0c6b987d9d94144b1c8661f6f2c7b6bdbccec2b21,2026-01-19T16:56:39.511401,ad0de35182357443b56cc7bb046cf0d115dde530,b83945ea1caa91a107147047a2c49ed2a78024b2,81.66417446,0.00146826,1230274,78900,contract_creation,success
b09aa22cbe09ef05994d0df1000055772b9c8cb8f74a80e2ddabd9b8111f9d88,2026-01-01T02:10:39.511401,bba76d3b5e5f719217869269c0b1c8f17e06e197,304cc66140ce3bbc28257b4e8e881b04ac1a47f4,59.4774637,0.00960327,1471333,54806,transfer,success
77203f32b9a522c24e20060e5d3a00c7709f69d369c18cae6d168981e64f68b4,2026-01-06T03:57:39.511401,01a87c50928c2a3af2793b161719b4c4f12c4773,fd5a20eb3531e597585954475e8597bbe88e5b9f,14.14272947,0.00161768,1396466,43013,transfer,success
dcd1a1237d13515c2a3f8c877d9a0ff17c811e5d6043a388588630bc3081d915,2026-01-21T03:46:39.511401,cf1e5b42c037186e69ccf2b6bc9f73cd145a7a14,d8f6eda5fda2e11cb37f896e0193ac04e1b6362e,6.0978375,0.00206144,1262608,64555,contract_creation,success
f3eb78784f3a946f4899f1624a486edda4aa421da632d8e7ac240d3b34f30103,2026-01-22T22:24:39.511401,6f02463b4965798ad212be0ef75f45f39304fa5a,8e7911259e474ae7d25933cce4a8ca22ed123b31,57.30672568,0.00104374,1095977,54068,transfer,success
188a3f8c34aa579c97dc1339844bed734219035bf0e18bc22e8cec0664c89911,2026-01-23T19:52:39.511401,2d3042202ff4ad89b99996a782d7facae6693c0a,539fc162a71d6ee9cad032d1af8afc20b2a3c50b,89.17307461,0.0082356,1484872,35587,contract_creation,success
be9b243b3fd5ffdafb2895146fde587ede2772c92c0bad2157c7cda44c6ede6c,2026-01-11T03:39:39.511401,01a87c50928c2a3af2793b161719b4c4f12c4773,68e36cdd2565dadeced6f593d8714df844530601,10.71983329,0.00059249,1245275,27449,contract_creation,success
9d4eb1d476c5215c1755dfcb6c278cf51532616f3701b60a5d23a904b6637710,2026-01-24T02:59:39.511401,1e67e4c0e3920dbc6481b3a8571a4a3b75a0906d,e58ac54b80a986171fa5cca4d57a50b18d67d655,96.17567714,0.00543339,1301562,27202,contract_creation,success
42be185fb9e65184eea7d240639ad4d48821d0c666a9b2ffc95ec7cf6628b722,2026-01-09T09:06:39.511401,25abd9fabf54df7f55ef1d4e8b0a08964aa40f1f,728e13ef0861327b18e89e114c9c7db433fe65f8,37.39276202,0.00337339,1097029,32525,transfer,success
451a5c24616f04ae1e6cd58dcd4e0b796fd904a22c5ab7fd70acda81fb470b77,2026-01-20T07:09:39.511401,08c9911c7ff77c9dbf3940572b60f143be0ca13d,464048cf0e5a34f7e47d5f23dcfb1d3f339c0904,4.45850084,0.00613718,1233545,55208,contract_call,success
82159f7691062ba5e5e3623b8a2c6e1f1a2878afc138e8506af24a01b2794509,2026-01-16T02:14:39.511401,709f77db8780891c6937796bb6fb722cabca37ad,464048cf0e5a34f7e47d5f23dcfb1d3f339c0904,95.32967344,0.00819652,1201792,58185,contract_creation,failed
8a6dc5a093d692f8911a207dd42a054761008909b764815434a98920ca072e71,2025-12-30T11:22:39.511401,ab5bb17e6b58fb97d83b89115a6ee695794e9637,8757f9779d4f4437e3bb81f3fda692cc402ea869,54.52217426,0.00691518,1438641,47953,transfer,failed
181f40115368cba8fe16f7ee46a7d7ef0260461443798fdd4e9b00b85758919a,2026-01-12T11:19:39.511401,496f2e782644d59dcff5a85266b128ff1d5c831e,16581c5fb4c1f622b8a3812b5e0e694cf51c4543,57.86878627,0.0039804,1096592,33808,contract_creation,success
7b00c5d90bcba55f77c6148c8fb4dfc7754f1ceda447286a03794e8dffa13de0,2026-01-07T02:29:39.511401,728e13ef0861327b18e89e114c9c7db433fe65f8,c317b4efecc8016926df00df238a82e007a3af11,16.11536081,0.006964,1447882,59504,contract_creation,success
f5ea8fc7c68266e160d0eae8cf8c45c7ecd42c667bb2d4bdd44b220dc5d3de67,2025-12-30T11:04:39.511401,e58ac54b80a986171fa5cca4d57a50b18d67d655,e83f6351c3a7cdffc0155773eea39d1ad01108b3,51.78240814,0.00304356,1038747,40688,contract_creation,success
0f8322084669e58f3f5270a2ae77f0caade9b89880a3c7b23ad336bd24e20e71,2026-01-12T02:25:39.511401,8f8e1e0ec0bb4575876b1001330c6f207f21538a,171f0a21047ab7dabffeafad4b26c9781730178e,77.0603536,0.00560643,1174793,92256,contract_creation,success
4b2da701ed3eeb295eab499880062cb3efd4e88f6af7013396418bd6981dce6a,2026-01-13T13:08:39.511401,df81c4ec88f0e53d216b9a2e65b3ee8d14a1bd6c,7c4eb476998eee90face337e3d212a5e095cbc4a,43.54149235,0.00356611,1215655,86543,contract_creation,success
103405e02e278bb29a7edd964afbe48b9cc298997c7d3599df97172c4f6e758f,2026-01-04T21:03:39.511401,d20bbaeb65768b99bc358a8d9780d9080c7dc057,8590027e39ea65eee8acc6d730718cbe2cb226d6,91.17132263,0.00082826,1192278,81322,transfer,success
5589adeb961c3e9f8a7e35a0f9d661b4506e84d58cc5149d71344a94a9259446,2026-01-12T07:55:39.511401,65edcb072bf774f56e6c48074db51e8530d5e675,5c90f8749d5bad1481f1df09b857e79a6366c13a,58.65261167,0.0015916,1094764,69370,contract_creation,success
ad873ac41d8d7f28ce9ec76b79975d9dea23840f6508c5ac8a2be8125a5ff33f,2026-01-17T08:45:39.511401,b6753c52d0583464076fd1fbbbc84f3fa3f94d51,004626544ef5a0b41c0c0efc9ef1cee9f3c09aa3,65.29967555,0.00948255,1244563,68064,transfer,success
18cdcb1885b3c8e15773cc7dad1b6b7f387e7474abcf2142d3107150fdf4e7ef,2025-12-25T18:30:39.511401,17fc5aa0e9bf08af67bac7bd083d6790e29fce5b,2fdc6ea1f71266ab9515d94029a778a1ea964d53,10.95296865,0.00678034,1487269,68918,contract_creation,success
d6f818790a02d79d79c4d7b6632edf2f8c32a27652baa7d1c785e35486f6b70a,2026-01-12T16:33:39.511401,e471a7da07d19672c5d92b13dba97970a5f9ca21,b076afb9598b197b5554ec62a726db9f75a589c6,96.75326199,0.00487177,1162855,68282,contract_creation,success
17a9db6b4ee15239806da7eb72f16c65faa73704dc9837f6c4ee8b229da5be1c,2026-01-23T17:02:39.511401,9b1d130662cf61c8bf3a4812f0fa05a2d3c81bbc,b23bd39411c9ee4f6047b2c0407f06102095f903,54.03111775,0.00440048,1172991,46790,contract_call,failed
a34f63f865192de192169c96e56ef014b207f79907f1bc6f70e2f8bbdfa2d68b,2026-01-18T23:18:39.511401,10e3a3d7f33bd50dd65794e7365cd619925304d2,b8109400b5a3a15d8aaf23368df623e5481150a4,51.83711205,0.00321456,1257082,87607,contract_call,success
d07713343e0d7574fd9f7b4f7a25cca5a27b254e5f4e8b40eadb71d6a0d61a49,2025-12-28T02:15:39.511401,43ac3edb0c9b6a97d1dc7e543958ea11093acb96,8afb15d7d26da4ef63bde1eefbb8f2255bb9258c,12.38165972,0.00621979,1180907,61809,contract_creation,success
38e6e2d2b4c2b12a74f679173a4f79759eedb737169f081d5f4ca7aedc84b518,2025-12-27T20:26:39.511401,25abd9fabf54df7f55ef1d4e8b0a08964aa40f1f,74cc5ff4c5d52c49dfe116a3e8b5bf5fbfb560d0,98.97672379,0.00493923,1413752,37050,contract_creation,success
8d86ceed8823ab783b6128a7b9d5b523df722ca7b08e90e798fe5875a6bbcd3c,2026-01-07T16:21:39.511401,5a30db2cecddd32de34b2db262c9e2b8046581b6,fb1e647ac222ee1e1aeb3937fd3c73f61948b892,25.23086093,0.00718764,1393858,41506,contract_creation,success
194e8a21bbebbed092b34b63ddc647f7ce6379e4d45a2cfc74aaea6eedb8bbe7,2026-01-15T07:05:39.511401,394ac223cf8c6932e35b0fff2cab2955adf6b4b9,1bc2e9e70deffa62a3a205745a234acd9a8862e2,59.11164102,0.00330883,1348207,60710,transfer,success
727851eada8aa14c331aeea3b95611967f55c52b19ceccbae34faf1627f00b3f,2026-01-19T07:10:39.511401,b8109400b5a3a15d8aaf23368df623e5481150a4,7db7af90dcaf6f861a6df7ee71fd129a23ebcb36,68.69483227,0.00579391,1031918,38284,contract_creation,success
5c5c4b18774868a4661673e7860a0da387404d65d2fe9a8448d7e6fc585160a7,2026-01-23T16:50:39.511401,01a87c50928c2a3af2793b161719b4c4f12c4773,642c7345397babfbba149fd4e8f7680154784deb,44.38537817,0.00536526,1431191,60868,transfer,failed
b5bf83f2630410c56875ca8e6d9ef9436850a4a5203feabb514557b3204bc14f,2026-01-03T07:51:39.511401,aef7c64708f71437c6dec3fb3b9c99fd4d2094b7,772bc343eb66d2e11b8b8fab32d09d79496a3d56,80.93921894,0.00499281,1260620,21616,contract_call,success
1f3aabea22c007d50585e8ea973bdc3afe33f6b6d236d1691be868ae571ee772,2026-01-12T18:06:39.511401,4379c7c8a4a0127620b22db3286160d7f5788144,e7aefa40fd33f17deda38f184cf9e04b4203e38d,73.76818203,0.0022762,1089390,78809,contract_creation,success
c12a70696b1c6c984684c7554ce63588745bba2e35b11f2d2968b1afc396b186,2026-01-11T09:10:39.511401,54f1e9cd64d203395448e9c03861c781fedccba3,8afb15d7d26da4ef63bde1eefbb8f2255bb9258c,76.23461684,0.00819973,1215094,61579,contract_call,failed
e520b566dc3c5cea90585f523916a21b03ef99e15592cad8e19cc87c85d40cd7,2026-01-11T19:44:39.511401,384ba575b5a90e9567e01e34799dc2377e80fd24,92594b7da378a8e14ef21f8b56ca88a982b9ec27,65.40598365,0.0091383,1185678,70291,contract_call,success
980d5144d986ad0923d095342d6c775d05466ff0361e1e6424c052445039e02c,2025-12-29T23:47:39.511401,d6cf975f6cb8faabe9bdca0cff86f9852be48d6f,92594b7da378a8e14ef21f8b56ca88a982b9ec27,44.62147429,0.00636101,1037199,70821,contract_creation,success
9d9b522faf2aae35116a1b5cc6de43e6ab86cf43a4a09924f548a797be3425d8,2026-01-14T12:01:39.511401,be5be911450db327b549a3348410ca95ac10723c,e83f6351c3a7cdffc0155773eea39d1ad01108b3,99.87833199,0.00474271,1213959,35630,contract_call,failed
844cdb27451b56d95dd513f5d789a371fe7881ef286be7facb1b0ca417563cb7,2026-01-18T08:21:39.511401,6049969581c486c82da84cf71e9b3a96874ffadb,496f2e782644d59dcff5a85266b128ff1d5c831e,60.90928845,0.00972188,1400262,58511,contract_call,success
b8577b6fcdc537be87db01c3fbbed605cd3d02b61f8247b15d6e9973af3d967f,2026-01-13T10:49:39.511401,9d36844912594b411912f9d19a8ffceb703f6767,9f38b252d122e220ae8277b53aa3e68cec36f42e,91.73802316,0.00964907,1408466,24686,contract_creation,success
05fd3b660317fc38fdd79db1097d74c6d34a4edb706e2246166be687c714e453,2026-01-01T07:23:39.511401,df81c4ec88f0e53d216b9a2e65b3ee8d14a1bd6c,5a30db2cecddd32de34b2db262c9e2b8046581b6,52.35393121,0.00032229,1413411,58603,transfer,success
6099318fbdec438780ee6d30c7785226d2add7a9e5231874aa56218659a1c8cb,2026-01-11T06:26:39.511401,11f8ec630ceea492d97fbd4ecc9eed9700e204c8,a3420012a596fa6d86ef717641b19bd260d02adc,18.6946795,0.00469371,1202718,21429,transfer,failed
a6c644a84979110cc5182d6fb85111f1db6a41dd027d6c341c16497c2620de5c,2026-01-18T20:33:39.511401,a3420012a596fa6d86ef717641b19bd260d02adc,728e13ef0861327b18e89e114c9c7db433fe65f8,17.33889068,0.00849377,1311153,65739,contract_call,failed
f7f1d4276958dca791ffed71acf34bf7d2a880d9cf43118d771fa96e9afa3cd8,2026-01-10T13:28:39.511401,bce711770f6faf3f3b5d95a18687e64076ad5f0b,c77a68817983732b183c33e33c15f6fa9bbeb710,23.81341831,0.00340422,1343315,69114,contract_call,success
8511563cb8fc37253c4e74579e81600d0f17ffed74ad9d34b3b8dec15f25e5cb,2026-01-24T09:47:39.511401,df81c4ec88f0e53d216b9a2e65b3ee8d14a1bd6c,b6753c52d0583464076fd1fbbbc84f3fa3f94d51,54.6896965,0.00382892,1285596,40790,contract_creation,failed
b24a582daa043e16432d9b9a9ebf92fbcc34493b445e56e05967da07ee0b48d1,2026-01-22T11:56:39.511401,ab5bb17e6b58fb97d83b89115a6ee695794e9637,adb8657078928f05f8fda408c0dd374f500bb395,86.69852715,0.00452568,1209971,35643,contract_call,success
aa4e6e664cbf5b905c9f1a1e5d1be0c585828eca6405ca8b6eeb741f3a8dac4d,2026-01-02T21:33:39.511401,c317b4efecc8016926df00df238a82e007a3af11,45369613be549b1af81fdde504fe127b0bef1378,47.57822095,0.00313752,1437061,73789,contract_call,failed
05df594a402f3b6e2da51d8c774a2f5320a785c0e22891e9c65f3776fadf6a4f,2026-01-05T22:43:39.511401,d6cf975f6cb8faabe9bdca0cff86f9852be48d6f,bc0d893fa8253991353e626c792f8afeb55a958b,0.73436564,0.00628293,1255860,50515,contract_call,failed
2fda9962e65871f35406a8adc2941802bc2879f2a59f99a32a02d861ef78746d,2025-12-31T00:57:39.511401,eef04c7f11bf702d9b324a2f7831094db6c7c0d0,29125aca7a66751d22bd44fff3124d31820f2cc4,58.00107475,0.00222554,1191638,85493,contract_creation,success
2981a8b1f96550dc125167585fa75601a91cd35677d14365af4ef53271df483b,2026-01-07T23:15:39.511401,ca3579db5fee595c55c5ebbbeb90fcdb6d392add,69df9d9d65bb88e5bce48f0a4e5820d26c084849,26.3828676,0.00079261,1009746,34834,transfer,success
51d585aae2778d870665c2cdf516da28bf604fd7f6a55d4986ff05c24a078ebf,2026-01-21T17:34:39.511401,496f2e782644d59dcff5a85266b128ff1d5c831e,bba76d3b5e5f719217869269c0b1c8f17e06e197,15.3001925,0.00936052,1360253,88083,contract_creation,failed
dce2392ec4c226a13e6bcb8cea0415a17cd482cb39416c6e6a966643da300d10,2025-12-31T08:02:39.511401,aef7c64708f71437c6dec3fb3b9c99fd4d2094b7,5e2d699ebb719522d173bb264d3fc8ca9c01aa37,71.67405787,0.00270261,1310123,32351,contract_call,success
f40a825d1dcdc31daa18fc602e1d1b17950e216d18c1be5083a214bb5b1eb3b2,2025-12-26T00:29:39.511401,ffe1a779f30d7bea486bf8039a92e1d5f9b75821,bc0d893fa8253991353e626c792f8afeb55a958b,29.57370665,0.00928623,1344507,82970,contract_call,success
3dacbe3e67b63a48fb8a471b1a898f64cec2c2d2f25050216764167709e30ca5,2026-01-13T11:25:39.511401,c707182920ed11cbf257423ae8b78d48af86e48d,8afb15d7d26da4ef63bde1eefbb8f2255bb9258c,12.46031413,0.00294753,1429885,96828,contract_creation,failed
eb2e8f5bda837433c5f6efa4e91fb0a70890c30111e124fa3ec181a96562f99a,2026-01-11T11:06:39.511401,14ee9e523b74474f2747f9ce9bf36b7c9ca7b891,ff329d6d494f21fe38af3962fdd5e93846fca1f4,90.14007927,0.00609329,1185096,91364,transfer,success
086f0177e5e188600eec71647552c389ede8bc77c6efab298d3258bdf3a0a7d2,2026-01-15T07:34:39.511401,c2ee024df625fa7c70f42745f31a382b14cbe2f7,9e619719b21069076caebf3fae5631ded8cf7b9e,59.51544572,0.0033041,1263776,98792,contract_creation,success
e642c27cb1fa1802ecf5498d3cefeb47a0c9d2c404b234ee3019456c7f7083cc,2026-01-01T18:11:39.511401,25abd9fabf54df7f55ef1d4e8b0a08964aa40f1f,c317b4efecc8016926df00df238a82e007a3af11,71.04731629,0.00758618,1222486,21527,transfer,success
e8d4d1cc5b1ea6c46b2f5d17fc90040f9f23daabb09e014765fb5e200fe64698,2026-01-02T02:24:39.511401,aef7c64708f71437c6dec3fb3b9c99fd4d2094b7,49f5ad60e051197080a02ba73f4bc520f57cd7b3,45.45559406,0.00190732,1402930,37361,contract_call,success
cb48fbb1c0d46248a16126a991fed078fe904a3342260fc8cb0d7db5ca1fabeb,2025-12-29T18:36:39.511401,bc0d893fa8253991353e626c792f8afeb55a958b,ae652c784d2ffff9e1f971d68945da4fa21c8d73,24.91552204,0.0057201,1026063,37105,transfer,success
b47939a5c5f6d28f7ec407c4dae844fe609740ce0caf958bfe40eb4ee02d67ad,2025-12-29T04:23:39.511401,fa9669296f345d5414ff7127c9ecdacc9e4eccdc,728e13ef0861327b18e89e114c9c7db433fe65f8,17.46497455,0.00322123,1349134,52024,contract_call,success
c9845099aba4e6639d29de1bacd54b3064881b8bdcdb46de8c138acd06ee06f7,2026-01-16T05:24:39.511401,58a2bf18f819ab1fa1bb1291d03c31e7e67cb6e5,7b4a770527db91b03ab596a8f92fb31d628ff6f8,12.96383619,0.00082806,1212122,45605,contract_call,success
5cac32a7ee0bf8b32cc9995e80ab4379589bf557933c7589a28affc961dcb800,2026-01-16T23:35:39.511401,35371a0643f6571ce5874b7796842b06f1a556d5,2fdc6ea1f71266ab9515d94029a778a1ea964d53,0.83281401,0.00533128,1049808,76132,contract_creation,success
53ef96507f2b92d97deebdaa6e776ba059e5769e0a17d98add74c59a127172cc,2026-01-01T23:40:39.511401,80c21f0ff2eed67f655d8d97e9aad37592254456,ad0de35182357443b56cc7bb046cf0d115dde530,65.76808359,0.00108872,1147721,75360,transfer,failed
38959115a5e97d23b1544d60876aefe92085d310f3e183f22774d681340b1d37,2026-01-16T22:00:39.511401,6049969581c486c82da84cf71e9b3a96874ffadb,85ca6c323e9d72ae176d109de1da9e6c1586fcd5,60.58887228,0.00364665,1331303,46190,contract_call,success
21e747764f84760fba1ba0f074717ccc3a241d3e53230f2df40f236409f3501a,2026-01-16T19:11:39.511401,11f8ec630ceea492d97fbd4ecc9eed9700e204c8,2d3042202ff4ad89b99996a782d7facae6693c0a,95.87528015,0.00554545,1485909,92594,contract_creation,success
520ca7fafbc38ed4570d0e6c4e7b5fb4ed701039d8b6ed25c5fe9378a4c00fae,2026-01-14T02:20:39.511401,eef04c7f11bf702d9b324a2f7831094db6c7c0d0,b6753c52d0583464076fd1fbbbc84f3fa3f94d51,3.11846896,0.00620522,1197195,97149,contract_call,success
ffae936735aca967d18c4306556af4df87d070779aba08fe09a69498e207758a,2025-12-26T16:21:39.511401,55826cb88dcbb2e94766392a12ccfc11a86f314f,394ac223cf8c6932e35b0fff2cab2955adf6b4b9,5.39077587,0.00822136,1273362,39779,contract_creation,failed
54d849494699efcc7774ea3c77debfde686d6cf67515930d640dac9c0bf7e529,2026-01-07T09:47:39.511401,915644c0f633be47284192536b918dd7c0bd4dd1,4c0b09bb3c21060f293265138c355f3c7099be90,66.7040928,0.00048585,1074834,42407,contract_creation,success
7c926301dd5858a22ad67d1092d728c7f172be3a264d7bf809c4e47e8e54e91d,2026-01-01T05:36:39.511401,8fc0aee7eff69c3434708013314a8de61a969126,e471a7da07d19672c5d92b13dba97970a5f9ca21,81.78373815,0.00846686,1150313,39963,contract_creation,failed
fe5d120ce0867b250699ca6898363a65b1d66976c63f236f5afd918ae16ad9c7,2026-01-10T08:36:39.511401,17efd34b75e476b69cc5cf9f43bf67d54f713e23,ed24051a26d1c69dd1073828bb33ec921c5bf523,40.54986981,0.00785881,1439403,64806,contract_creation,success
91d9e1ab01f108dcba8013d1faf77a381bac3396e50bd2eda5120c57ca29a848,2026-01-24T13:24:39.511401,18c87725e5abbda534e0fb34992b9dd5880c5b3c,f45d1f46d0df8d505b7b15c8db9673cae8ae71a6,0.90391728,0.0039364,1404511,96675,contract_creation,failed
6a586726193610638d0e3e060acaccdef9ef290c45c1db779badc3ba9f32a662,2026-01-13T08:51:39.511401,69df9d9d65bb88e5bce48f0a4e5820d26c084849,58a2bf18f819ab1fa1bb1291d03c31e7e67cb6e5,36.87032972,0.0003317,1374437,65747,transfer,success
93098e7440f38d2dc3ef836f3ea735faa5cb2e218126f5ddf67bf2306193e7db,2025-12-26T15:16:39.511401,12d1b07854ab663f5d0983924077789f059a2f60,171f0a21047ab7dabffeafad4b26c9781730178e,76.0204293,0.0082391,1142125,82500,contract_creation,failed
7e59d93cc1270a6e5c001fd85b78af2e7ad6758776818046593cdaa535e867d9,2026-01-05T11:25:39.511401,6a749b9d70303f71f0bbf15769eb15021faa1bda,2d1598ece3c951ccce3819bf2179639d31737d60,51.69013464,0.00011279,1409010,94091,contract_call,success
b8ab1a937aed04cd0edbefcf90e1f8d9b8ff1076ea97fa41aedc57cbaabf95c0,2026-01-03T12:34:39.511401,b602510ed7e46f8e0cf42a7507e642840d7fb341,bde4956a3f55b09b90538e4300d92259830276d0,54.87523212,0.00823222,1051846,24097,transfer,failed
82017649134c809a38e93470cb7705974aa3ef8085e662b615ac07c851534f08,2026-01-03T18:23:39.511401,b83945ea1caa91a107147047a2c49ed2a78024b2,bde4956a3f55b09b90538e4300d92259830276d0,81.21506212,0.00070683,1186685,68120,transfer,success
6a4c9fad1681e38b9dfef8542b992be5efc56f35b77bbf2060498fec9cb1bcdc,2026-01-01T04:54:39.511401,db5f35bab4a6b72c71c4c4fb14beaf2f4d1404fe,c2ee024df625fa7c70f42745f31a382b14cbe2f7,0.1240343,0.00087473,1296310,46446,contract_creation,success
671d2a57102130ef37a0f40ec6ba49abccb629464166c7a414f3af338be9dbfc,2026-01-13T05:09:39.511401,de653acd01229031f45c919f983c32252b1aa1a7,c185627f38512cad04bccef4133506ed7dd671f4,45.89386024,0.002027,1043040,23772,transfer,failed
13ddc207ef1b85fb2cb98c4cd6c4ed662a63ccb682b8a6a2d65773e595ca034a,2026-01-11T15:15:39.511401,95897de46c6e22799d92c586096736bbef5accea,2fdc6ea1f71266ab9515d94029a778a1ea964d53,26.20311974,0.00617369,1131964,48508,contract_creation,success
fe2723d2070554345c210e8d640ce8fac932ea9e473cf02d45e36d860ac979a4,2026-01-21T14:04:39.511401,6e355e44c90e0743e230b996fbcc18c8c0f0e579,be5be911450db327b549a3348410ca95ac10723c,18.14347486,0.00340685,1468592,49228,contract_creation,success
4acf9bf0dbd55e934a39a67af052d6e84755a8af7fdba98e069faec9cfa5f115,2025-12-27T23:56:39.511401,ae652c784d2ffff9e1f971d68945da4fa21c8d73,1979631e8ecb7019fd124f8a894e730818f3f023,24.18236614,0.00963121,1174260,68084,contract_creation,success
3a3685bc66fa04472392185e72d64ba6c386aaf4230309ef75dad19459a0c50e,2026-01-09T20:05:39.511401,bba76d3b5e5f719217869269c0b1c8f17e06e197,708e13ee23e506c24901ccfc9ecbef6ca7871dea,77.45838862,0.00148209,1034850,43369,transfer,success
902794b183ece060f97816a1c433b06ccee306d48ac3d7c5a39dd23615d5a0f9,2025-12-28T11:39:39.511401,be5be911450db327b549a3348410ca95ac10723c,539fc162a71d6ee9cad032d1af8afc20b2a3c50b,88.72252123,0.00771647,1078738,83931,contract_call,success
467d699344cc41e2ea73a5648e3ee7bb242132444899d5dcb6bc1e7ada5efae2,2026-01-05T09:11:39.511401,99edb4e5b1f41b09d11781d9ecaf35a6d5124e35,88f00a2ad07f621eedd45078db36699b55f31e88,43.79692401,0.00912345,1442958,85955,transfer,success
a45dc405d80e45adacc9dd7801a93cbb5a9ce3561773821142c1e25c24792428,2026-01-12T00:24:39.511401,f2c3d4fa84de8c442a47080254aecb69968586fb,bc0d893fa8253991353e626c792f8afeb55a958b,21.49601096,0.00128949,1172001,55511,contract_creation,success
cbcd677e9114d765b8d59028d4a3daf791737142b80c1ca73357df6388ebfedb,2026-01-17T03:13:39.511401,1affb008b16bc487c4116f65e7d45b2ef19dffea,b7e7af1f4eea732f0d5d072e6f0ff5b3b2302d5a,20.02759146,0.00167163,1117936,51957,contract_call,success
afa0c78aa0225cec2003ecf05bf3237ab8147af27083f09c5585939a4fc303b2,2026-01-09T07:35:39.511401,304cc66140ce3bbc28257b4e8e881b04ac1a47f4,26e48918ba98f317c132e2e46877e0327e842fcc,74.7653303,0.00413252,1156662,83353,contract_call,success
be25cf425dfea745016758eec1d6c32a1a97d553f9b953b988f55db1b6b80a90,2026-01-21T11:17:39.511401,80c21f0ff2eed67f655d8d97e9aad37592254456,981f6c3658dd4853243430ee0e0bd9eaec99df6c,32.80961533,0.00876852,1416158,33818,transfer,success
69a2d0a37022410f69191e223c91242df04f60614048e9a6b0cfd9bcb44c4279,2026-01-14T22:19:39.511401,6f02463b4965798ad212be0ef75f45f39304fa5a,fd5a20eb3531e597585954475e8597bbe88e5b9f,74.8382296,0.00586964,1252318,65855,contract_creation,success
f9d380c80c9d7267f230e388cc5eeff8dec225f6057991ce44c787ccf5d3043c,2025-12-31T01:56:39.511401,db5f35bab4a6b72c71c4c4fb14beaf2f4d1404fe,bba76d3b5e5f719217869269c0b1c8f17e06e197,93.08966987,0.00465847,1199735,44276,transfer,success
a926b07e45ce6557f0652424a5d6a8eca223d059f7baa5fcb00abd5b022ef22c,2026-01-20T12:00:39.511401,915644c0f633be47284192536b918dd7c0bd4dd1,9f38b252d122e220ae8277b53aa3e68cec36f42e,79.94662501,0.00219422,1052375,83339,transfer,success
ffd0ffdcfcfca852aaf0c8db393e1958749842ac43fd2ac0be53e5abd7755a29,2026-01-03T14:22:39.511401,8e7911259e474ae7d25933cce4a8ca22ed123b31,4681d64ab774c1782af962623b3aa93222885280,94.66475959,0.00222315,1139234,89440,contract_creation,failed
6257f7d3f36ed2f40f4b81a1fb8cb390674d64c4f0f53ba06e4071ed24d3480c,2026-01-22T14:13:39.511401,1e67e4c0e3920dbc6481b3a8571a4a3b75a0906d,d6052e7896fda99aafae89ccfd0e869894df7fd4,30.60420683,0.00523666,1326608,28123,transfer,success
5d1d30bb0c8a11bc8208789fd906e63ac963a3186dbb2ed3c57aa0dffd99d887,2026-01-16T10:31:39.511401,8228298289a5adee258716c0e08bf8a2d7c29a7d,e471a7da07d19672c5d92b13dba97970a5f9ca21,69.93317909,0.00635011,1198250,66364,transfer,success
abcae545fc4e8de1e0a0c515ff1fb4ae56db5a566ce11c66c92ee62f7ac1eb01,2025-12-31T19:51:39.511401,c9127c673a1b24e05c2e647b3784b0009a3b503b,54f1e9cd64d203395448e9c03861c781fedccba3,91.63169603,0.0085914,1031909,40172,contract_creation,failed
0182f3604f262f605136df97f68e9fdb09fc89bb4115741084ccaf60c7d1398f,2026-01-07T08:42:39.511401,d6052e7896fda99aafae89ccfd0e869894df7fd4,ff329d6d494f21fe38af3962fdd5e93846fca1f4,97.21181965,0.00383462,1407912,98610,transfer,success
9c0ef9efb055250cf75e4decc9ef9f8b2be96e7920a14b6561ff8d3d86403fb9,2026-01-22T05:30:39.511401,2254eea36172c87e4240255f1dfe99ec01bf002a,24575bbc15ee3c65796c62e246b30e2694b7323d,70.32747975,0.00114787,1059223,97656,contract_call,success
075f495e5a25e94480d9e407f98d7f994673782d018f588e14e934328222f73e,2026-01-18T18:57:39.511401,5c90f8749d5bad1481f1df09b857e79a6366c13a,0e36c3de974f513726c087eaa9764e1bacd434a8,37.83857154,0.00287231,1289163,25589,transfer,success
f0cdc660714426cb14a510d2f7d487263465c8fca9b85efd3d58f705f53e6a27,2026-01-20T17:26:39.511401,4c0b09bb3c21060f293265138c355f3c7099be90,b83945ea1caa91a107147047a2c49ed2a78024b2,32.56387565,0.00266331,1160191,57384,contract_creation,success
fbff866cf6ae0fb1f37f8f22539ffa22f860ddc7a4f1bfd615ab4fc7cb216a50,2026-01-04T01:19:39.511401,65edcb072bf774f56e6c48074db51e8530d5e675,26e48918ba98f317c132e2e46877e0327e842fcc,77.84002134,0.00650075,1322385,51096,contract_creation,success
7000a46a93beea9ee3e8a72ed4c42881b73200b87748f725276d939bf4a1a17b,2026-01-17T16:58:39.511401,83337b2889c2225d23fb6f3272fa30f69a06fd46,7cdc8d5a46842ff1bfcdeb1baab404871342d677,45.40091189,0.00239702,1427972,69680,contract_call,success
70b6f6c9d4d545c450d038bc2c014b50f425c6ddb79d7fbd8815fa6407b571dd,2026-01-18T04:41:39.511401,25abd9fabf54df7f55ef1d4e8b0a08964aa40f1f,f63812aecc934ff02830f1a5083aea49cef946ec,18.56334754,0.00127736,1136561,75318,transfer,success
3fad4bcd4192e02ce12c1b368d8a00c8848d161a02697b886bdef158c7eaeafa,2025-12-31T03:19:39.511401,2d1598ece3c951ccce3819bf2179639d31737d60,ad0de35182357443b56cc7bb046cf0d115dde530,77.32246492,0.00087314,1215101,91096,contract_call,success
9f6497351f3e5d6bd2c5afe1e99784f76f073499b662249f904639f8cf578e42,2026-01-02T09:27:39.511401,db5f35bab4a6b72c71c4c4fb14beaf2f4d1404fe,2d8347599932c8665f5c06484039ba859e0b8921,83.64894691,0.00166309,1288819,67914,contract_creation,success
ea244a16e55d1e3cd52bea9cfb3851ac10dfb3c4475fee003fd2ebc1e9664645,2026-01-11T12:20:39.511401,6a749b9d70303f71f0bbf15769eb15021faa1bda,f42061e807b5d3bd491a3106d6c3ae4c63b728bc,59.8512887,0.00303824,1118156,28536,contract_call,success
61768ecf9174590f08f56ff736eb74d1226459d9b9904a6d65f1518729221fa9,2026-01-14T16:54:39.511401,fa9669296f345d5414ff7127c9ecdacc9e4eccdc,c9127c673a1b24e05c2e647b3784b0009a3b503b,90.75120881,0.00872539,1189766,93567,contract_call,success
1dbe116e825d26aa92031ce747a7bf7de796dee7d37a68cf2007d15cffd2c782,2025-12-25T22:41:39.511401,193855b4a88021e8e55dc5c3714b5c8f2b45961f,304cc66140ce3bbc28257b4e8e881b04ac1a47f4,16.34151174,0.00128198,1123985,37054,contract_creation,failed
ff7ace4a2eb85181f9bcfbab551e7d0b2a1cf9c8e2498ab8a660177161f9eef2,2025-12-26T21:20:39.511401,10e3a3d7f33bd50dd65794e7365cd619925304d2,709f77db8780891c6937796bb6fb722cabca37ad,13.93140325,0.009169,1250015,69099,contract_creation,success
bd903dcba1096c14edc15667359e7f1ca66d56f4bf46ae205035ae4ea49ab9cd,2026-01-17T22:07:39.511401,ae9c8d1a6877e7a06dbc55839717b59cb61d6714,7aaff5b9b7363407677a95fd27ab4e91f7a0fa26,20.52395501,0.0055168,1405294,81283,contract_creation,success
4cc97ada76e29762c4d2c1919d4e1aa12487c358695f994da5f737d3440b48a8,2026-01-09T01:37:39.511401,1979631e8ecb7019fd124f8a894e730818f3f023,496f2e782644d59dcff5a85266b128ff1d5c831e,77.10012072,0.00742751,1309326,52336,contract_call,success
42878fcbf7899913d2587b42f4173cefd3e3e903c5180cd238fbd4db7b6e078f,2026-01-01T20:14:39.511401,1affb008b16bc487c4116f65e7d45b2ef19dffea,2d1598ece3c951ccce3819bf2179639d31737d60,22.00196162,0.00322756,1421478,23328,transfer,success
caf40832b5aa741565ca9863bf336e1909f032ea2f6a73482d6a0340a61e608a,2025-12-27T19:40:39.511401,642c7345397babfbba149fd4e8f7680154784deb,fede3b77d75623c0c97bd08794a83908296d836d,38.35661262,0.00762593,1382960,92276,transfer,success
9f0a4d2e33171b91f050923dbfaca4c29b2fd1a9a24f6344b65c2fc9c39ba3a0,2026-01-20T22:31:39.511401,005b2aa8ff98324caa0775bf12701b6929c7a088,58a2bf18f819ab1fa1bb1291d03c31e7e67cb6e5,38.63733783,0.00879691,1462082,28179,contract_creation,failed
b55e2d7551d3c92b2ecc4ab7fdd56d167d531da2cf71b92eebf7b4ce26f3b121,2025-12-26T14:55:39.511401,85c2853c06c025a839c46e1d0d23853b0a52b175,80c21f0ff2eed67f655d8d97e9aad37592254456,78.23626453,0.00319379,1473106,92208,contract_call,success
8cdbb6d8b94be6168adad767eef012197e6337aa087c16209799303e93addc9f,2026-01-10T23:44:39.511401,ab5bb17e6b58fb97d83b89115a6ee695794e9637,17efd34b75e476b69cc5cf9f43bf67d54f713e23,33.88490102,0.00243941,1252747,45574,transfer,success
ea4e6f0cafdf6c142aa15ce708bc2f61a347c46d10937b419a52326644e8b9d1,2026-01-18T23:41:39.511401,004626544ef5a0b41c0c0efc9ef1cee9f3c09aa3,fede3b77d75623c0c97bd08794a83908296d836d,51.43872676,0.00873664,1487691,61221,contract_creation,failed
e71144122393fd092cd9c8992ef93b2ea929610ec1207ff464c14d17010e125e,2026-01-08T08:08:39.511401,2fdc6ea1f71266ab9515d94029a778a1ea964d53,6049969581c486c82da84cf71e9b3a96874ffadb,33.25393917,0.00980318,1117672,76917,contract_call,success
910e29b9c82791d07647eb36d041aa7a84100d0b8fa0fd0351e68a614857b9ea,2026-01-12T19:14:39.511401,adb8657078928f05f8fda408c0dd374f500bb395,be5be911450db327b549a3348410ca95ac10723c,82.69376251,0.00196339,1200183,44756,contract_creation,success
8623708fe05fc1a40b568f623e77a95426941ef73d4e6a455e91f2c78fb87a63,2026-01-15T01:41:39.511401,193855b4a88021e8e55dc5c3714b5c8f2b45961f,6f02463b4965798ad212be0ef75f45f39304fa5a,55.84081154,0.00613743,1365744,73667,contract_call,success
66df29f8e5b61303c01bd11f46b78d9cdf8bb82b0dfeab7df88414d97036a680,2026-01-21T14:29:39.511401,b076afb9598b197b5554ec62a726db9f75a589c6,99d4293c5e0912985cc7b15a1b841cf7effc54dc,2.90677769,0.00448011,1235750,25152,contract_creation,success
9fc1951f54d1e02e0010ee0eec9237b13961a08229d615507c6ae5b9e594116e,2025-12-30T15:54:39.511401,5e2d699ebb719522d173bb264d3fc8ca9c01aa37,b076afb9598b197b5554ec62a726db9f75a589c6,92.07200734,0.00219264,1311098,62972,contract_creation,success
e9e298cda970895d721d7f57c13410aae16e28b1975440dc94e78cb9d66b4499,2026-01-13T23:47:39.511401,cf1e5b42c037186e69ccf2b6bc9f73cd145a7a14,a3420012a596fa6d86ef717641b19bd260d02adc,26.31534181,0.00197628,1223086,23740,transfer,failed
99014d5acf47ac2d89b1b6dc6a53b7bdfb63d9ca6b31dd9d39fe1b688ce56c46,2026-01-06T16:01:39.511401,af6ddd22e033d31068bc27c42af1b8913c6a5d32,7db7af90dcaf6f861a6df7ee71fd129a23ebcb36,93.65210066,0.00227987,1010767,84142,contract_creation,success
5fe30abbad6d4898042d4d4af50c9c82db9f7abcef12ee503bcbba83a34d9d04,2026-01-12T17:23:39.511401,9e619719b21069076caebf3fae5631ded8cf7b9e,d8f6eda5fda2e11cb37f896e0193ac04e1b6362e,11.75229694,0.00236419,1486472,86511,transfer,success
4fffcd52e7c0b36897f2b1f40d127937e63b623a85b1439708c55308465d68c3,2026-01-08T21:29:39.511401,a5ca8c50eb8acda11b55bdff7736c769e2cd2fe0,92c93a41399668366866779db94273a17b3fdd0f,63.63594838,0.00375041,1446063,26518,transfer,success
6b093e7a38ba662b3c676dfd0e9fdc9240f0d332758d31f4934c5a7877e4a198,2026-01-05T00:27:39.511401,f2c3d4fa84de8c442a47080254aecb69968586fb,d6052e7896fda99aafae89ccfd0e869894df7fd4,23.47872544,0.00854936,1499736,36149,contract_creation,success
2b22b0d01d8291a67d8aae9be2f2889422d2d174e9a5104f5c9766dc09cc6428,2025-12-27T06:41:39.511401,5ebc582acd1c8872f31ce8a20a452360294f9786,af6ddd22e033d31068bc27c42af1b8913c6a5d32,54.34482484,0.00520737,1139897,55561,contract_creation,failed
57622a31d5c24d81319191d05bd84487e19cd1dfec91c1219db5abee79e1a18a,2026-01-06T16:29:39.511401,11f8ec630ceea492d97fbd4ecc9eed9700e204c8,6e355e44c90e0743e230b996fbcc18c8c0f0e579,43.5529048,0.00095632,1017879,91593,transfer,failed
02601a870cc219df3ad241e3269625f2345ce134d189d0c1e6ebc6cb567977dd,2025-12-27T18:44:39.511401,915644c0f633be47284192536b918dd7c0bd4dd1,17fc5aa0e9bf08af67bac7bd083d6790e29fce5b,70.64222491,0.00529311,1101963,81050,transfer,success
2ac02f1c7a5a788c21f191219a73fdcf9d5e68beacd40ce38a259f22cc10bd2d,2026-01-19T17:44:39.511401,7cdc8d5a46842ff1bfcdeb1baab404871342d677,8590027e39ea65eee8acc6d730718cbe2cb226d6,75.93888927,0.0020414,1193259,62829,transfer,success
04bf8207b802dfc9e0b0b5556aaa18d537c900d692dbd99a59f69301fd53cb46,2026-01-23T15:44:39.511401,b7f1f0402dce5bd5c4167bb12f5ac4f74a076c5e,b7f1f0402dce5bd5c4167bb12f5ac4f74a076c5e,94.29798036,0.00270882,1417938,56368,transfer,failed
f9a94a43ae79c2989e1ac86b4a5e469cb8b4cb359b45fcb51682a82b1a6f0afe,2026-01-03T17:42:39.511401,14ee9e523b74474f2747f9ce9bf36b7c9ca7b891,b7e7af1f4eea732f0d5d072e6f0ff5b3b2302d5a,72.38124515,0.00054031,1384452,46200,contract_creation,success
9a8717a05e54269529083d421e33776e74cbf96cfb01cd4f4a0e0c18d5d0585d,2026-01-07T17:38:39.511401,17fc5aa0e9bf08af67bac7bd083d6790e29fce5b,d6732552243a48e1bdb3b7505529da07551e6fd0,2.2523123,0.00865392,1454656,95637,contract_call,success
293b58c4cee35b10897756b445e29a7ba818d5e0d3653a3547ee47922c9f29d7,2026-01-21T18:10:39.511401,1e67e4c0e3920dbc6481b3a8571a4a3b75a0906d,50e1ca291d07f081b092140207ccbe2961da3095,85.7952202,0.0011912,1138013,82275,contract_call,success
94c286b8ad03abf168d3735b375e19189e19bb228fb62b46d4e6c109b1957214,2025-12-28T12:28:39.511401,46b4051e054bf23e07e379ed0c74b26fbaf7a37f,8590027e39ea65eee8acc6d730718cbe2cb226d6,61.37839474,0.00010721,1232178,22503,contract_call,success
3df40cf6df6599120d6fe3310ff52ff997cca5b0351098a5841ca3cc1b84e91d,2026-01-11T12:47:39.511401,99d4293c5e0912985cc7b15a1b841cf7effc54dc,3e02b7933d715bd0a23e660fe2c7e691d2b62b10,94.8165093,0.00914272,1466021,26894,contract_call,success
c39d278aa9a5f555a10787e1070e3bc853445b4cde5b67d5689d17cedef1a897,2025-12-30T23:40:39.511401,004626544ef5a0b41c0c0efc9ef1cee9f3c09aa3,2d8347599932c8665f5c06484039ba859e0b8921,76.56137164,0.00311337,1014136,53632,transfer,success
9b3ff64748905af8e1804a0c4fd71e22ace143732a23cef549b526eb7539814a,2026-01-21T21:26:39.511401,f356dbdbf3e5f00fc15f35171e6ab7554580d652,b7e7af1f4eea732f0d5d072e6f0ff5b3b2302d5a,66.61480915,0.00998912,1106530,38082,contract_call,failed
f7859642147281ff14710a0ead04988c170b88bc5fb0cd44efbb986c999fd3e7,2025-12-29T02:59:39.511401,a5ca8c50eb8acda11b55bdff7736c769e2cd2fe0,8fc0aee7eff69c3434708013314a8de61a969126,4.84948048,0.00257993,1179581,36611,contract_call,success
3b6952fb1bab8392f6d3aced82b68c5d89ab641477771380b187a66ea6e8d568,2026-01-04T01:41:39.511401,35dc07d746250fc815abaa80a7e0408b4f2809c8,005b2aa8ff98324caa0775bf12701b6929c7a088,39.91350623,0.00125083,1404617,61201,contract_call,success
1252286e1659967ac75bc5135b2aa7e0c0f0fff9a5c0ad6d79ec01b1ee37ae0f,2026-01-21T08:09:39.511401,17efd34b75e476b69cc5cf9f43bf67d54f713e23,f387a3faa5c6e9cc491c4974366942be5f44df71,11.4884637,0.00355895,1405882,35539,contract_call,success
0a2c379963bc41ac73a6321fb59b1bd346fd2991a9d9f9322eb745344d9802e0,2026-01-03T22:32:39.511401,b6af7e9299d3e32cf9265cfbcb3359f659ce2ea0,43ac3edb0c9b6a97d1dc7e543958ea11093acb96,57.25210151,0.00709722,1046788,29481,contract_creation,failed
3888e50f6f7cda32935be275415b621f8296a0537188fa758a739675f702be3c,2026-01-04T16:59:39.511401,35dc07d746250fc815abaa80a7e0408b4f2809c8,b8109400b5a3a15d8aaf23368df623e5481150a4,64.31939492,0.00286659,1228332,43218,contract_creation,success
e9931948ef0603dfbba923aa75d5144782fd9185d4a326a25a3c1ae0e565d23c,2025-12-31T18:16:39.511401,10e3a3d7f33bd50dd65794e7365cd619925304d2,e7aefa40fd33f17deda38f184cf9e04b4203e38d,35.07202719,0.00294135,1068774,78415,contract_call,success
5190da16016ca8cd1e82ba94c860920a2ea56e7f89eed313741b3860c553813b,2026-01-20T17:05:39.511401,fa9669296f345d5414ff7127c9ecdacc9e4eccdc,4c0b09bb3c21060f293265138c355f3c7099be90,34.42478754,0.00531708,1442941,87655,transfer,failed
f69eb1b5f93ab5bebadaf2ac902b361c5012299346e90f27f03f5e2bb1a7ba00,2026-01-23T21:50:39.511401,7359806d3607465fbdd901336e347dd218827e85,14ee9e523b74474f2747f9ce9bf36b7c9ca7b891,18.8908668,0.00696792,1488981,56688,transfer,failed
9d3bedd41835200bf4f2865a0dfcd5cc39c770d8b60a7b7888940da8574629f8,2025-12-27T08:25:39.511401,4934858c22790e2b9a2210f9e9ce27ea6774a2d4,e58ac54b80a986171fa5cca4d57a50b18d67d655,42.33115636,0.0062782,1477462,25893,transfer,success
91be4e111d812460cc797b66c22b2e0ed493c2ad5909d41fc54d517003e44bd9,2026-01-22T20:36:39.511401,7b4a770527db91b03ab596a8f92fb31d628ff6f8,fede3b77d75623c0c97bd08794a83908296d836d,92.7260344,0.00543165,1058295,89900,contract_creation,failed
5fe79e4a2005789660df5db5f5c4416112b6f664f3056b33204e37e4d13d395e,2025-12-26T00:02:39.511401,92594b7da378a8e14ef21f8b56ca88a982b9ec27,17efd34b75e476b69cc5cf9f43bf67d54f713e23,31.70178849,0.00447741,1051926,51220,contract_call,success
610631257ae16389c35a4e4f42449e95a34a8a50513813f0923ccd0cc8a643c0,2025-12-26T21:25:39.511401,d5ea37a8c94b591caed69d439681029559e9ac7a,9a5d3714d2b6b052b82193ae41735eaec9a5e555,31.70625306,0.00738557,1273886,47333,contract_call,success
c77c1417b3decfad640f55bc71f1f1694deb6d9f996c2f08359db3c74e1b8b2f,2025-12-30T03:24:39.511401,4379c7c8a4a0127620b22db3286160d7f5788144,c76ce849452cee9e9e0d0fbd5b214f2dd225b4f8,60.90339842,0.00448757,1216170,49795,contract_creation,success
19dccea5be79ee20e88ec8f49e02063e250f9a50df9923b88f581ef2e64465ab,2026-01-01T23:36:39.511401,cf1e5b42c037186e69ccf2b6bc9f73cd145a7a14,bc0d893fa8253991353e626c792f8afeb55a958b,46.13044201,0.00093919,1310166,39821,transfer,failed
27acc80bd1b986b507c75f5af079dc5713ab33175af019bfaa25746d26504486,2026-01-10T10:49:39.511401,8509a3601fb3cc7b3a609efbddca6064e4252828,564deb889b11c8759aeb27e1e21fa466e23b47ca,58.20358161,0.0081105,1431363,96219,contract_creation,success
f1c774a1bc7417e9cbe8d9c5f40dfe5bbd5631cd26e0dd7ae87499e2da8481aa,2025-12-31T11:24:39.511401,e60e385d2aced64061da68030918fd35215f8799,de653acd01229031f45c919f983c32252b1aa1a7,90.54394895,0.00411864,1034638,29778,transfer,failed
8a258687291cc6a202233606a8a2536a9fad0131e500c4a3629a83172b73a370,2026-01-12T21:10:39.511401,1a1321809912b4732124ff1e1e4b79811f43511b,ab5bb17e6b58fb97d83b89115a6ee695794e9637,67.64843096,0.00890885,1250948,63353,transfer,success
d53cae42c19e104a78112427cfc1b575cb0f70b273fd2aac96bbf4637f6d32a9,2026-01-05T00:45:39.511401,2fdc6ea1f71266ab9515d94029a778a1ea964d53,76ce1762918bfe2c5c2358c1a69ac291eb257958,30.1569253,0.00733299,1039169,30097,transfer,success
3b619c130c4d055eb496f74161e496654094fec300302bb9722f35ea3dd457b9,2025-12-26T09:33:39.511401,74cc5ff4c5d52c49dfe116a3e8b5bf5fbfb560d0,ab5bb17e6b58fb97d83b89115a6ee695794e9637,4.26114353,0.00043581,1064633,93279,transfer,success
8be20fcb659509a1ba8eb7db5d76c8598f4200183212e40cc55d759797cb1ee2,2026-01-01T18:03:39.511401,bc0d893fa8253991353e626c792f8afeb55a958b,b6af7e9299d3e32cf9265cfbcb3359f659ce2ea0,19.99503967,0.00900457,1282674,61984,contract_call,success
282d5b312befa5be83839bc34e2a98b6cdb11b8203d5241be2797e2c5f6d2cd5,2026-01-10T16:06:39.511401,2d1598ece3c951ccce3819bf2179639d31737d60,889c73776465eabc59bc5926afc25fdc04d6fb20,5.55894231,0.00869858,1208649,34749,contract_call,success
059a6c398fccd1273a0b76071fd79a93fcadeb91201346a8ee8a0a33cd26cb4d,2026-01-20T04:05:39.511401,2636e46aac83292fb3d7ff1c0949a0d60387a45e,2d3042202ff4ad89b99996a782d7facae6693c0a,19.02895598,0.00586269,1389245,70401,transfer,failed
31ffbf967f1cded47cb4718b9fee493f714858afe77ca984ee4c27cd44bc11c7,2026-01-21T04:46:39.511401,b6af7e9299d3e32cf9265cfbcb3359f659ce2ea0,2d1598ece3c951ccce3819bf2179639d31737d60,35.51442461,0.00289484,1295890,56854,contract_creation,success
963cff2e35b8b5a48f3a1f96f5e046d8dd889560902c557baf8f25c027432e04,2026-01-01T14:12:39.511401,708e13ee23e506c24901ccfc9ecbef6ca7871dea,85ca6c323e9d72ae176d109de1da9e6c1586fcd5,91.96659801,0.00855889,1455149,78621,contract_creation,failed
8f6ad60b86ae1c5569dd876325edf6dfcdfb6fca1dc1cad113a588a093ade4fe,2026-01-02T22:36:39.511401,bc0d893fa8253991353e626c792f8afeb55a958b,61f90060f90bb647830d9d1f19ab48e30a704c21,76.76819747,0.00426086,1450268,90405,contract_creation,success
6eb8a5fd26117f514d076e212b75bfe086fd62264c8310b5b90e7dc0f497c45d,2026-01-11T12:44:39.511401,1e67e4c0e3920dbc6481b3a8571a4a3b75a0906d,b1007b54bfbfe0f03ceffd3283b7e8317bbda677,87.10691974,0.00676486,1478689,98980,contract_call,success
9a589bd026a57e048fc32c9addd8c410f2f1ef3f0070adcbdfed46a301e20fed,2026-01-04T11:35:39.511401,14ee9e523b74474f2747f9ce9bf36b7c9ca7b891,b7f1f0402dce5bd5c4167bb12f5ac4f74a076c5e,6.06460467,0.00827079,1013827,62705,transfer,success
07472d712b8eb965f6f27f457511a6fa5fb6be134f8a36137961bc824b3a15f5,2026-01-05T10:41:39.511401,6291e59d207f2dc8ce8a17d714f669b8bce108e7,b7f1f0402dce5bd5c4167bb12f5ac4f74a076c5e,5.21794607,0.00722666,1142637,81684,transfer,success
d8e1a9cfec01ba0451c536af63677f1bebd44b7c548fd6b5be44539ff7b24b2f,2026-01-03T18:03:39.511401,fbfc61d83385c737a7a385df60244227f04a87fe,b602510ed7e46f8e0cf42a7507e642840d7fb341,18.33870387,0.0078791,1485329,90000,transfer,success
47aa05888226bd7ec06427a6ccaba19a12379edec7d7bac3fc0aa225f78ba7a7,2026-01-12T21:00:39.511401,45369613be549b1af81fdde504fe127b0bef1378,11f8ec630ceea492d97fbd4ecc9eed9700e204c8,22.93358006,0.00822257,1362670,97113,transfer,success
c770c6570dca15ffb4033e66e8dbd8152819b161fd327a858cd865a9eb19ca0a,2026-01-24T12:24:39.511401,49f5ad60e051197080a02ba73f4bc520f57cd7b3,3e2f4a9b09aa12f89265456484fb9fd74ed9905e,3.3139899,0.00853221,1111495,45747,transfer,failed
aa69b5bba14e186800e0418b5b4e92c005d8bf98f67219879703f7aec4f78fdf,2026-01-10T03:54:39.511401,2636e46aac83292fb3d7ff1c0949a0d60387a45e,c707182920ed11cbf257423ae8b78d48af86e48d,30.35388466,0.00190821,1404332,37775,transfer,success
119300173a16c48d4e48272bdf785ba8a87ccb8993b563978431454d30fa47ad,2025-12-26T06:23:39.511401,ae652c784d2ffff9e1f971d68945da4fa21c8d73,352d39e9272c01fdd64f50c80242213db530d595,18.22667372,0.00272681,1450412,87945,transfer,success
97ed77c2ed6292a1007bc3e26ddca7e9cb7b0fed751bdfb8bcd4afe5783232c7,2025-12-31T06:07:39.511401,564deb889b11c8759aeb27e1e21fa466e23b47ca,f2c3d4fa84de8c442a47080254aecb69968586fb,5.4220304,0.00309736,1453477,44371,transfer,success
533420e53968235eee70db63d91bc421c41aa34c5833217b0643c27e4a22b924,2026-01-17T14:44:39.511401,5a30db2cecddd32de34b2db262c9e2b8046581b6,74cc5ff4c5d52c49dfe116a3e8b5bf5fbfb560d0,97.25651998,0.00991043,1219928,86896,transfer,success
d0fdd18594de937b04aedec54db8190b3433ad864195cdaf14ae6e7149010439,2026-01-17T13:51:39.511401,2d1598ece3c951ccce3819bf2179639d31737d60,f63812aecc934ff02830f1a5083aea49cef946ec,71.50685387,0.00918596,1142724,90588,contract_call,success
bfcde80999a34820fcda7d702815210aa54239e7ec1d3efc4ecef12a25553b6e,2026-01-09T09:38:39.511401,eef04c7f11bf702d9b324a2f7831094db6c7c0d0,e60e385d2aced64061da68030918fd35215f8799,49.05868778,0.00845738,1156973,99356,contract_creation,failed
989a8307cfefe62d1fb0bfc000af3ab4fb12fc2faa169f4c5d26981330ef7489,2026-01-04T05:24:39.511401,1979631e8ecb7019fd124f8a894e730818f3f023,4487f0dd0dd1ba4a8fc71657e72de70b06fd3d3c,72.61476991,0.0036124,1255987,21610,contract_creation,success
09124b231df238c2956be27fdee52a2fed35b4c7e5350f8e1afd253fed34e1d9,2025-12-28T16:59:39.511401,f356dbdbf3e5f00fc15f35171e6ab7554580d652,4487f0dd0dd1ba4a8fc71657e72de70b06fd3d3c,78.80260502,0.00578398,1159807,81731,contract_call,success
5699a417fd2757cdb0d327f1519e86698a7ff62402f97859433993a974f5c30c,2026-01-12T01:41:39.511401,68e36cdd2565dadeced6f593d8714df844530601,bc0d893fa8253991353e626c792f8afeb55a958b,0.43518339,0.00202415,1201243,34203,contract_call,failed
ee43e96a48689fe66a7b10fcfd9cc2cea6b2b8f751b54c132bc5a9baebdc031b,2026-01-04T21:22:39.511401,564deb889b11c8759aeb27e1e21fa466e23b47ca,2d3042202ff4ad89b99996a782d7facae6693c0a,94.35043159,0.00079471,1255218,31035,contract_creation,failed
81b42c94ba8966c0a93605314e4bdf47bbe9cf584529de905506f806ecb9b1fa,2026-01-01T00:27:39.511401,4681d64ab774c1782af962623b3aa93222885280,ffe1a779f30d7bea486bf8039a92e1d5f9b75821,30.64918994,0.00075891,1278035,85673,contract_call,success
972d87e06fee2c17697242556bcec59c93c10a63d9b2a98b5aa46abf41ad89d2,2026-01-10T16:40:39.511401,65edcb072bf774f56e6c48074db51e8530d5e675,5e2d699ebb719522d173bb264d3fc8ca9c01aa37,88.05405573,0.00936168,1122683,95186,contract_call,success
5770f6ff30a706c8d714df2de35dc6cc2ff65c4dd5df0114329ecac907005a4f,2026-01-16T08:18:39.511401,c77a68817983732b183c33e33c15f6fa9bbeb710,6291e59d207f2dc8ce8a17d714f669b8bce108e7,73.64448361,0.00596015,1015419,21411,transfer,success
3e37167625c8d342c188f230cc769624296ef3ff187c1c861b7dfea56cba62d1,2026-01-19T10:25:39.511401,464048cf0e5a34f7e47d5f23dcfb1d3f339c0904,981f6c3658dd4853243430ee0e0bd9eaec99df6c,14.00334212,0.00978583,1008544,92690,transfer,success
7e1f19dee4c5e0db70a2272d4d83c5f392da9e6a8a48b59f45803919c352c86b,2026-01-06T10:36:39.511401,f356dbdbf3e5f00fc15f35171e6ab7554580d652,8afb15d7d26da4ef63bde1eefbb8f2255bb9258c,11.55273025,0.00229045,1083192,21347,contract_creation,success
6761c130dca529a6065eda11dde87bda6760c102b66599025c89dbce35734e12,2026-01-18T11:47:39.511401,11f8ec630ceea492d97fbd4ecc9eed9700e204c8,564deb889b11c8759aeb27e1e21fa466e23b47ca,66.58321311,0.00217863,1223916,89198,transfer,success
4a8c1eaf5ba8b60dfb882a1ce1caae2200056a98778ab59a57a73c07ff35c728,2026-01-15T08:19:39.511401,b1007b54bfbfe0f03ceffd3283b7e8317bbda677,1e67e4c0e3920dbc6481b3a8571a4a3b75a0906d,96.43862107,0.00926418,1072782,28872,contract_call,failed
2d486f5ff0bac3815bd3192bc8668da479677808fddb6791605e5781eeabdc75,2026-01-06T04:46:39.511401,2fdc6ea1f71266ab9515d94029a778a1ea964d53,d5ea37a8c94b591caed69d439681029559e9ac7a,73.76365985,0.00311491,1435103,52516,contract_call,success
36f92aa4b2f458beefe6e9dd77beb55895b0cad89077ce9588c121dd3e75b733,2026-01-01T23:35:39.511401,4487f0dd0dd1ba4a8fc71657e72de70b06fd3d3c,7c4eb476998eee90face337e3d212a5e095cbc4a,98.46168688,0.00418786,1235231,82243,contract_call,success
108d92dadc66cec90e7efc0f77ec0b09c0f2ae285a92b364379db75e2265d66d,2026-01-09T05:35:39.511401,c9127c673a1b24e05c2e647b3784b0009a3b503b,46b4051e054bf23e07e379ed0c74b26fbaf7a37f,2.41364699,0.0032658,1443404,36318,contract_creation,success
b5b50c7cc7ef6f24652b7a9c210efe5eccb06e4eda81d873c3ec151a6a70a6ad,2026-01-09T19:35:39.511401,ed24051a26d1c69dd1073828bb33ec921c5bf523,7cdc8d5a46842ff1bfcdeb1baab404871342d677,37.70067955,0.00303138,1420624,97428,contract_call,success
982d1eb48d53ef9dd6093468687a12d1fa87987ede9080e03fefda3d6fa8ab0c,2026-01-12T00:26:39.511401,5bed41b46b7d38b2b57c1e6451eec82c4a3e30ac,7aaff5b9b7363407677a95fd27ab4e91f7a0fa26,99.2034082,0.00336827,1239093,22104,contract_call,failed
ee9121bf7eacecd9b1ce92323ee5629ea958e53e131d72a687bd8d38cbb7da0b,2026-01-05T05:02:39.511401,01a87c50928c2a3af2793b161719b4c4f12c4773,26e48918ba98f317c132e2e46877e0327e842fcc,44.69553787,0.00856114,1338270,98315,contract_call,success
1287bd23a456d8d5c77279c23fad6ae683826340cc7e61ec5a70a1a17432e8e3,2026-01-17T18:26:39.511401,9d36844912594b411912f9d19a8ffceb703f6767,304cc66140ce3bbc28257b4e8e881b04ac1a47f4,58.76441626,0.00663363,1010760,72032,contract_call,success
1be45cccfb7fe8c0846167e374a8ad0d707aad4a3dc4f29c0945bb28bd564148,2026-01-22T04:38:39.511401,74cc5ff4c5d52c49dfe116a3e8b5bf5fbfb560d0,e60e385d2aced64061da68030918fd35215f8799,87.44369685,0.00283586,1308185,40129,contract_creation,success
029a8114f54d53a76110a7168c5798c700b04a26beeca10a9b7a1178e85e3974,2025-12-30T00:48:39.511401,92c93a41399668366866779db94273a17b3fdd0f,8f8e1e0ec0bb4575876b1001330c6f207f21538a,96.6881891,0.00148845,1170594,90392,contract_creation,failed
d7cc19c600e8641ccfe30cbb9dc306363574fd550c6a0cd16be5ff6497b9edd1,2026-01-15T12:43:39.511401,afb91baa7e62aef60874b6dd1cccfcc46c71e118,cd3f762567b5ec90e9e86dc399f3c419af96a61c,50.24413064,0.00863378,1230092,50556,contract_creation,success
406264051c98bbb70b8de51b1f72a105d5cf53437814097d098b8001bbe92c23,2026-01-09T19:12:39.511401,afb91baa7e62aef60874b6dd1cccfcc46c71e118,a1e24b97f16bff321f46b0e1bfc6050b899bb551,17.78392281,0.00778859,1454404,64671,contract_call,success
32544bf94c6afb3bd068d2d2456a6286b38b282682f7754423c973b4b734c0ca,2026-01-22T17:09:39.511401,709f77db8780891c6937796bb6fb722cabca37ad,10e3a3d7f33bd50dd65794e7365cd619925304d2,27.90089577,0.00507154,1321916,51382,transfer,success
8c37cb288c8e0dfb22342d769d014ecbbff1782f49a35e3ed235cd81cf575d14,2026-01-09T10:34:39.511401,e83f6351c3a7cdffc0155773eea39d1ad01108b3,74cc5ff4c5d52c49dfe116a3e8b5bf5fbfb560d0,59.02059067,0.00028211,1234771,63973,transfer,success
fe51a5a11133065acce2729fa7e481add78b51cf37206d903973cb333cfd5ed0,2025-12-28T04:07:39.511401,496f2e782644d59dcff5a85266b128ff1d5c831e,7359806d3607465fbdd901336e347dd218827e85,4.76861132,0.00161136,1139396,60948,contract_creation,failed
5271487483055287ea03a469c5ebc7fd0b679d3178ef0e5998df393e57ac353c,2026-01-04T09:41:39.511401,b076afb9598b197b5554ec62a726db9f75a589c6,394ac223cf8c6932e35b0fff2cab2955adf6b4b9,74.77349239,0.00496459,1052611,98315,transfer,success
3979bd4ad23a5a70eb7fd03615640d3dd4e4ffd0ae9806ca57444313c2de64ff,2026-01-15T09:08:39.511401,14ee9e523b74474f2747f9ce9bf36b7c9ca7b891,54f1e9cd64d203395448e9c03861c781fedccba3,77.0119912,0.00044935,1271953,96019,transfer,success
4d5cb12e82b1aa8724780190cf436e953a6335099e4930d3998ff79cfb88a768,2026-01-18T00:18:39.511401,ff329d6d494f21fe38af3962fdd5e93846fca1f4,bc0d893fa8253991353e626c792f8afeb55a958b,45.86910641,0.00825549,1267017,22509,contract_creation,success
8dc487bc343f492f0b2269b67792949c5fd005b86a526458dc763f2d400df839,2026-01-11T22:05:39.511401,85c2853c06c025a839c46e1d0d23853b0a52b175,7aaff5b9b7363407677a95fd27ab4e91f7a0fa26,81.10193253,0.00265558,1381050,37336,transfer,success
05fa72213acc49af5513cc92b7e2fd327cfbea9bcb529e7a1128e596af7d8177,2026-01-11T11:15:39.511401,99d4293c5e0912985cc7b15a1b841cf7effc54dc,6f02463b4965798ad212be0ef75f45f39304fa5a,96.49163206,0.00048491,1145700,46802,transfer,success
cde9bbe5e8b4e57aee59518094a76d5e0ccb8651de665f5cbb21d72be0aa601d,2026-01-16T02:08:39.511401,5ebc582acd1c8872f31ce8a20a452360294f9786,8228298289a5adee258716c0e08bf8a2d7c29a7d,60.26851512,0.00856332,1232559,90402,contract_call,success
b94b9dcced62078807709042123959fe7b2ec00705b5b179446854dad480cfbd,2025-12-29T22:17:39.511401,b7f1f0402dce5bd5c4167bb12f5ac4f74a076c5e,7b4a770527db91b03ab596a8f92fb31d628ff6f8,20.02273534,0.00540104,1150335,56788,transfer,failed
9f30b2aa79d5b09bd878721ab06043a63c4306136c4be3de303dce40141075e6,2026-01-11T00:39:39.511401,bc0d893fa8253991353e626c792f8afeb55a958b,65edcb072bf774f56e6c48074db51e8530d5e675,46.00206964,0.00766756,1159734,26629,contract_call,failed
f81a300862c2ea289d6d7c64d30bef3dacc20b612b9288015a2c05d77ab6fffa,2026-01-05T04:47:39.511401,6e355e44c90e0743e230b996fbcc18c8c0f0e579,772bc343eb66d2e11b8b8fab32d09d79496a3d56,65.27746884,0.0009429,1114538,92995,contract_call,success
eaa7a784a4d24938fabefb230800dd82dd305ced6ce2ad341417f2d311e99736,2026-01-02T05:37:39.511401,99d4293c5e0912985cc7b15a1b841cf7effc54dc,d105c1ebad761f331f628f3db57cb6aa056836ba,0.90314942,0.00338824,1444680,87114,transfer,success
6ddd6cec9b2d59d6a6e6e4b109abbcac7c0d0dd4a7474c177fdda682521797dc,2026-01-06T06:36:39.511401,61f90060f90bb647830d9d1f19ab48e30a704c21,fd5a20eb3531e597585954475e8597bbe88e5b9f,17.40901271,0.00889035,1383438,43426,transfer,success
93c7986ed216ec1abdfa1fe811c5c8796aeb748938a6fc912fd50331ca253048,2026-01-07T11:04:39.511401,b23bd39411c9ee4f6047b2c0407f06102095f903,004626544ef5a0b41c0c0efc9ef1cee9f3c09aa3,82.96931983,0.000613,1353377,51647,contract_creation,failed
02ac2e15c4062b8f223bf99d4d15bd2d70776ffa4b8adcde831c6295d8fefaa7,2025-12-30T08:48:39.511401,baf5c9f28ce8706771fe52be468642819e52addb,aef7c64708f71437c6dec3fb3b9c99fd4d2094b7,38.96738085,0.00018788,1115526,67373,transfer,success
d943645556f2dbf92a73a3122f564206ea4237c793fadc4c34bca2a203a479cf,2026-01-02T22:36:39.511401,b8109400b5a3a15d8aaf23368df623e5481150a4,2d1598ece3c951ccce3819bf2179639d31737d60,47.85931203,0.00218933,1319220,50911,contract_call,success
40f77f632cd6245a04524ee004e3cf8cc2b6674f8fbfb3d57794e442ccbe3173,2026-01-09T06:40:39.511401,464048cf0e5a34f7e47d5f23dcfb1d3f339c0904,8afb15d7d26da4ef63bde1eefbb8f2255bb9258c,67.50484253,0.00501905,1487931,41297,contract_creation,success
283676b9032fef9970673557757916509172ea64f9419862bc55b17f77af4fde,2026-01-03T17:14:39.511401,dde65ed01c232c8c9a067af9cb0c02473a3b2f6c,8b657963469153c8784445df2ebf67b17739af28,78.69776966,0.00120966,1340725,70991,contract_call,success
11cd186cb42d870b2efe4033a71dbcba6f4a0106e460eff1b4e9dcc2a60233ab,2025-12-27T13:00:39.511401,bce711770f6faf3f3b5d95a18687e64076ad5f0b,f387a3faa5c6e9cc491c4974366942be5f44df71,3.51141402,0.00029583,1250011,64201,transfer,success
9fd4ee1aed574e222d40868967a1ce346fdcfe7dc6318a34dfbbbe310faa5787,2026-01-19T11:07:39.511401,bce711770f6faf3f3b5d95a18687e64076ad5f0b,0078d89ed477dc4c7e0999c95817e739229fb616,77.03510726,0.00551392,1246093,56992,contract_creation,failed
1f6fa0e5920013aa857ab4aa4761392791354a21d0cb630a1f286c0a56900dbc,2026-01-21T02:03:39.511401,b8109400b5a3a15d8aaf23368df623e5481150a4,0078d89ed477dc4c7e0999c95817e739229fb616,3.39442248,0.00692191,1456401,37766,contract_call,success
d3e6f77ef25a4f08b14aa91d9660f4191d9d02dbd8d0d349aaab767267d98290,2026-01-03T01:35:39.511401,43097c075c482bf54e66365e56031dd32c164a68,ff329d6d494f21fe38af3962fdd5e93846fca1f4,2.87919948,0.00060155,1489150,61678,transfer,success
7729fa45527d7baf011dffa5964800349a90f2fc4badba0b6c34b819773911c0,2026-01-02T02:16:39.511401,496f2e782644d59dcff5a85266b128ff1d5c831e,e60e385d2aced64061da68030918fd35215f8799,70.85168137,0.00339547,1354982,89632,transfer,success
a316f0b7f6d306226b596bd95575e751b7e19d0ad279a6f2d8aabd9f5f958ac8,2026-01-22T14:55:39.511401,14ee9e523b74474f2747f9ce9bf36b7c9ca7b891,c185627f38512cad04bccef4133506ed7dd671f4,15.33357859,0.00359037,1337567,42334,contract_creation,success
66743bd5e2ecfaf8c925345a61124d699d9f0f9620e43ee8d22a078a98cdc1d3,2026-01-17T22:23:39.511401,7359806d3607465fbdd901336e347dd218827e85,b602510ed7e46f8e0cf42a7507e642840d7fb341,68.35186276,0.00162236,1080143,41044,contract_creation,success
657b469efdbb096d81c0f6d4b4457b8c3a25c4aaf7725324aad259607e773c35,2026-01-17T17:35:39.511401,50e1ca291d07f081b092140207ccbe2961da3095,ca3579db5fee595c55c5ebbbeb90fcdb6d392add,35.7389658,0.00126369,1171456,26426,transfer,failed
f9433eb8ec14a59c8365cf5d997fb82a03890a535c8ea962aac5733556a36762,2026-01-11T05:55:39.511401,25d90bc3c0a3ccf6fea8327a40caade420ebf13a,2d1598ece3c951ccce3819bf2179639d31737d60,17.07502652,0.00990973,1029406,42073,transfer,success
86d1f9d2bf1a1f4c4ebca0679d6499e962d0b317eda7814563a529b2b7574f25,2025-12-28T20:33:39.511401,352d39e9272c01fdd64f50c80242213db530d595,43ac3edb0c9b6a97d1dc7e543958ea11093acb96,4.81011949,0.008174,1299946,96732,transfer,success
6e9dc907b2dd67b6b9a8bfd9c9726e7a3a7f55bfa2e16e5aeb62205b71a60b2a,2025-12-26T06:11:39.511401,5e2d699ebb719522d173bb264d3fc8ca9c01aa37,76ce1762918bfe2c5c2358c1a69ac291eb257958,19.92987701,0.00886962,1183188,28016,transfer,success
3449381b314cf93923dd37e20a3a63187fb8552f2d68d777bc657c3316749383,2026-01-16T05:07:39.511401,8228298289a5adee258716c0e08bf8a2d7c29a7d,d105c1ebad761f331f628f3db57cb6aa056836ba,72.13208729,0.00963838,1283375,62321,transfer,success
eca4a78d074ac5d69d1ddba8c8c583373d21396b484899be7b2fa23def2e3918,2025-12-31T23:53:39.511401,d6cf975f6cb8faabe9bdca0cff86f9852be48d6f,b7f1f0402dce5bd5c4167bb12f5ac4f74a076c5e,29.77914225,0.0081632,1352943,78572,transfer,success
4293519cc71f381e8d106150ee66cd662e3545877478b1650444b105aa14aed1,2026-01-23T08:58:39.511401,11f8ec630ceea492d97fbd4ecc9eed9700e204c8,fda7db8b42faf13a2c3930a63d38ce755f778208,59.54666902,0.000133,1370058,37504,contract_call,failed
98a6877e9e1eab79ec2fe746cb8a87e2e7630aa4375166013ded023af2aa45ac,2026-01-17T17:56:39.511401,915644c0f633be47284192536b918dd7c0bd4dd1,e58ac54b80a986171fa5cca4d57a50b18d67d655,83.78674324,0.0022858,1347688,46885,contract_creation,success
15f1fc14734d85bcf7620d86b57f290e313bd1e72c5da1e455a541b92cbad291,2026-01-15T05:52:39.511401,de653acd01229031f45c919f983c32252b1aa1a7,981f6c3658dd4853243430ee0e0bd9eaec99df6c,0.55815008,0.00649513,1073224,34057,transfer,success
ccf9540ea7928d5bee3921164a795547eeba22c7f7b7cd7447876fc855639713,2026-01-14T16:53:39.511401,2d3042202ff4ad89b99996a782d7facae6693c0a,eeeb5f5d21c99608d4c9cddae31c499d52e2cead,65.18683016,0.00068432,1450084,38254,transfer,success
7055f5e51b4c168339e628ad6c0004ec640e691fbbccd59478112db5aee074e2,2026-01-12T11:29:39.511401,8e7911259e474ae7d25933cce4a8ca22ed123b31,8509a3601fb3cc7b3a609efbddca6064e4252828,38.82071824,0.00637271,1024719,80417,transfer,success
52c622cdbe2b6ccbd1be1a37fc587e83b57d979c309a9ff4d860ac5489659033,2026-01-18T15:11:39.511401,1e67e4c0e3920dbc6481b3a8571a4a3b75a0906d,d6cf975f6cb8faabe9bdca0cff86f9852be48d6f,76.52349785,0.00414717,1174774,95086,contract_call,success
4e216ed599ece48044294cf8404e91061c22671c14cc82c0f3e17315124b43c0,2026-01-14T01:45:39.511401,1eed843ca927e450966ee8fceff968ef074e5aff,adb8657078928f05f8fda408c0dd374f500bb395,18.16402188,0.00877938,1246885,99785,contract_creation,success
3e82afffa560a36d04bbffb699595e10c647f6b2a957ae067ef0f360681e5fad,2026-01-06T21:20:39.511401,882b0e1975d85fb691b83e4c9168f065ed6817f1,394ac223cf8c6932e35b0fff2cab2955adf6b4b9,61.46510033,0.00053516,1290031,54731,contract_call,success
ee810bca9f0a5d9b6500cc53f4bbee17a63693a84db1f4d390826c530a5fb810,2026-01-02T06:19:39.511401,d6cf975f6cb8faabe9bdca0cff86f9852be48d6f,d105c1ebad761f331f628f3db57cb6aa056836ba,76.7332151,0.00256338,1490706,67614,contract_call,success
c0110aa90f7d093269a9f76f6f8e83281c70a211fad0d645bbb0cc70f6ef066d,2026-01-15T06:34:39.511401,ed24051a26d1c69dd1073828bb33ec921c5bf523,18c87725e5abbda534e0fb34992b9dd5880c5b3c,64.41443963,0.00420749,1278975,71600,contract_call,success
7fe0bc2251146016bf9ce9676dcbe43c0abc6f2bb18ae8caf47e11a9d65bc809,2025-12-26T12:04:39.511401,2636e46aac83292fb3d7ff1c0949a0d60387a45e,ae652c784d2ffff9e1f971d68945da4fa21c8d73,3.63042391,0.00676868,1383633,36086,contract_call,success
215bfc566572b0e33baeafbc90d6413da5c3b24bf268b977fa77a93021a52510,2026-01-22T06:47:39.511401,10e3a3d7f33bd50dd65794e7365cd619925304d2,ad0de35182357443b56cc7bb046cf0d115dde530,3.52320828,0.00910729,1477421,75453,transfer,success
c90c330e1bca4eb945477f50a1c321b1ac32fff42c5674e0c6679c8765e16932,2025-12-28T18:12:39.511401,728e13ef0861327b18e89e114c9c7db433fe65f8,981f6c3658dd4853243430ee0e0bd9eaec99df6c,82.49534893,0.00400118,1421528,87156,transfer,failed
8687111e8de4c532167a5dd3e7498a0954f006c388f80e540d202b71ca5ca1ac,2026-01-04T22:20:39.511401,fda7db8b42faf13a2c3930a63d38ce755f778208,e83f6351c3a7cdffc0155773eea39d1ad01108b3,18.43021547,0.00046332,1331488,21296,transfer,success
15e4abb8809a0dbc0f34e458170c18d1e6a7d573cdc1831426643f0d1f3fc36b,2026-01-16T17:27:39.511401,fd5a20eb3531e597585954475e8597bbe88e5b9f,8f8e1e0ec0bb4575876b1001330c6f207f21538a,78.76985892,0.00297947,1114854,28972,transfer,success
c2da88ecec2357ab4f2da49e4674302970f7ea12af04a58e774627e46529506e,2026-01-09T20:03:39.511401,26e48918ba98f317c132e2e46877e0327e842fcc,25abd9fabf54df7f55ef1d4e8b0a08964aa40f1f,27.35804169,0.00513353,1150441,42532,contract_creation,failed
1c2a47952daedc0198c4e3fe5690b58abbc6785db65ac5a77a6d4270229403cf,2026-01-16T16:35:39.511401,49f5ad60e051197080a02ba73f4bc520f57cd7b3,e58ac54b80a986171fa5cca4d57a50b18d67d655,78.53872398,0.00790539,1201617,60477,contract_creation,success
706f5e3240b76642a3724662a96405a49c3297869b9e7004e667d77904b1349a,2026-01-05T22:06:39.511401,9b1d130662cf61c8bf3a4812f0fa05a2d3c81bbc,304cc66140ce3bbc28257b4e8e881b04ac1a47f4,56.91284304,0.00159615,1192667,28691,contract_call,success
9de368e26b01c4f03bc30b10cd531a7d9d4cfc13e67feff6f0619e56ef7e6266,2025-12-28T16:51:39.511401,dde65ed01c232c8c9a067af9cb0c02473a3b2f6c,08c9911c7ff77c9dbf3940572b60f143be0ca13d,74.38351151,0.00146305,1427186,77496,contract_call,success
1b2aece82e99b50d44a79ce8c10088efcfbe47cd60c107c44f84125a698a21b9,2026-01-15T19:32:39.511401,495a1cf8d6485881dbc1cb19cdb2c5060d11fade,e7aefa40fd33f17deda38f184cf9e04b4203e38d,3.83951983,0.00090824,1099698,89315,contract_creation,success
0508345d76309bc432dbee3c7f4d9f3d15320e8cd48d306387f6a764b205564f,2026-01-08T23:31:39.511401,c317b4efecc8016926df00df238a82e007a3af11,43097c075c482bf54e66365e56031dd32c164a68,49.69560165,0.00181317,1007941,33037,transfer,success
e19aa39778708f3db52d0144b4848afec2eff9eb0b22cc467d4b686964d5a464,2026-01-01T08:20:39.511401,a5ca8c50eb8acda11b55bdff7736c769e2cd2fe0,8509a3601fb3cc7b3a609efbddca6064e4252828,87.86455058,0.00353145,1258004,24297,contract_call,success
ddafdca85b3f08131cd9836545a6c981df367fcb9b4e2b10600f3efffcbceae7,2025-12-25T18:45:39.511401,c9127c673a1b24e05c2e647b3784b0009a3b503b,d6cf975f6cb8faabe9bdca0cff86f9852be48d6f,26.44661965,0.00445565,1244156,32477,transfer,success
d5c7479b0e11be9b6f49da5c7e4015d95ab4a0092c51d5db69aeea1bdf909163,2026-01-24T07:54:39.511401,25d90bc3c0a3ccf6fea8327a40caade420ebf13a,69df9d9d65bb88e5bce48f0a4e5820d26c084849,28.11056238,0.0073633,1177192,85985,contract_creation,success
e7c5e2c39ad7e7192fc714fe32ba9018c2ac7bc7ec6e4635a3d0698fa29c0b63,2026-01-06T12:45:39.511401,8afb15d7d26da4ef63bde1eefbb8f2255bb9258c,539fc162a71d6ee9cad032d1af8afc20b2a3c50b,14.94750183,0.00708503,1442412,94521,contract_call,success
1c3d7cb1e13080c329de965e3126c21cfd75aeb43a646222d6d5a27558be147f,2026-01-20T21:06:39.511401,8509a3601fb3cc7b3a609efbddca6064e4252828,9bb2091fb3b6ae32a080908973168c2a5e57b171,65.23596185,0.00839636,1382943,51223,contract_creation,success
fadcf28a0bf045976b2731db6343ea1537e708205861ca6ec1797fb1286f00f1,2026-01-23T23:21:39.511401,496f2e782644d59dcff5a85266b128ff1d5c831e,3e2f4a9b09aa12f89265456484fb9fd74ed9905e,24.67653149,0.0003434,1394082,74017,transfer,success
77c694cab4c39200e2b0f7cd8962da21ef677392b5ce8ca54ae22315ab5b1523,2026-01-03T16:20:39.511401,2fdc6ea1f71266ab9515d94029a778a1ea964d53,ffe1a779f30d7bea486bf8039a92e1d5f9b75821,33.76528642,0.00064867,1073114,40396,contract_call,success
f91f9f83a7c0b7da6ddb42edf9766431350a10a7f155faa8ea47d150e881dae0,2025-12-31T12:42:39.511401,f356dbdbf3e5f00fc15f35171e6ab7554580d652,6e355e44c90e0743e230b996fbcc18c8c0f0e579,71.44922797,0.00284003,1239382,24277,contract_call,success
d89ba7cd8c5879fc9fe5062dfcffdabcea11dd064758c8b5cb6580a642957110,2026-01-02T20:27:39.511401,ff329d6d494f21fe38af3962fdd5e93846fca1f4,01a87c50928c2a3af2793b161719b4c4f12c4773,44.96151903,0.00639396,1259593,95851,transfer,success
7282115f507cbdd91b3e599aefa23120f05e1e8178eb9dfe245c719c3bdc4bd9,2026-01-11T16:35:39.511401,baf5c9f28ce8706771fe52be468642819e52addb,a1e24b97f16bff321f46b0e1bfc6050b899bb551,1.74017995,0.00028773,1351512,79124,transfer,success
21649ff202cf3b59de3e9c82691831f77549735e07989b8cd61395a8d6bbe6d2,2025-12-26T05:41:39.511401,68e36cdd2565dadeced6f593d8714df844530601,363b496fc6bc8853aa8c43f8fb97cc3c855712e7,64.4311773,0.00418779,1127217,87596,contract_call,success
81d77ebb2e5070736e36f5aa11162f8f3c7517d6821062f38e5cf56864a20832,2025-12-29T07:49:39.511401,f356dbdbf3e5f00fc15f35171e6ab7554580d652,495a1cf8d6485881dbc1cb19cdb2c5060d11fade,32.88685411,0.00122769,1189650,62841,contract_call,success
30dc2ccc8f781f31ce4121f2f9585169379707e7383abcb760958b44c9494000,2026-01-12T16:29:39.511401,7c4eb476998eee90face337e3d212a5e095cbc4a,74cc5ff4c5d52c49dfe116a3e8b5bf5fbfb560d0,50.43949029,0.00346924,1044913,60271,transfer,success
e5a285ee345793aa549ba8658cb44a92d977dc1a5f9140eba4b473e51f1d360a,2026-01-11T05:40:39.511401,c317b4efecc8016926df00df238a82e007a3af11,99edb4e5b1f41b09d11781d9ecaf35a6d5124e35,13.17495084,0.00748764,1183412,33731,transfer,failed
da96293bb4dc8776f2c4bc526bc1fb884589dc0ec12d2af34929eeedd7c1b887,2026-01-03T19:36:39.511401,1affb008b16bc487c4116f65e7d45b2ef19dffea,65edcb072bf774f56e6c48074db51e8530d5e675,45.54283771,0.00690449,1141845,21701,contract_creation,failed
9005270b9f1c9644f60890b63a3aab35ae863fe07eda9292328c1a94fb678503,2026-01-17T06:28:39.511401,be5be911450db327b549a3348410ca95ac10723c,c707182920ed11cbf257423ae8b78d48af86e48d,32.64850869,0.00011216,1277899,33317,transfer,success
757e26e556c05fe51b97e3546c13a25985be7d89e634651d88541cd5d7d8d653,2025-12-28T04:03:39.511401,46b4051e054bf23e07e379ed0c74b26fbaf7a37f,642c7345397babfbba149fd4e8f7680154784deb,21.26291713,0.00051966,1292625,74600,contract_creation,failed
a994cb29866b4988fd9b927797af5939239c9b159afecc4fa3dd1166c4798250,2026-01-19T17:30:39.511401,fbfc61d83385c737a7a385df60244227f04a87fe,be5be911450db327b549a3348410ca95ac10723c,79.54150562,0.00582796,1438850,76828,contract_creation,failed
b5aa8fe06d80d9c5c195317b267862c66cdf2a807b3373dc80cb17cd1f7763e5,2026-01-17T09:07:39.511401,d105c1ebad761f331f628f3db57cb6aa056836ba,193855b4a88021e8e55dc5c3714b5c8f2b45961f,13.8589048,0.00117774,1420561,43934,contract_call,success
71cd374aa91f0c89eb93b0d6be4e0f5ea5c5a4acb7fc21bd9185e4a0533e62c7,2026-01-12T23:14:39.511401,17efd34b75e476b69cc5cf9f43bf67d54f713e23,4c899059e5670fc8a1ea007143996ff9d230b5c0,33.03610802,0.00591566,1064620,79968,contract_call,success
59625caaba68f4fb500343dc0ce572bc91140b20836874a2703e7914c9da073a,2026-01-14T17:06:39.511401,0e36c3de974f513726c087eaa9764e1bacd434a8,16581c5fb4c1f622b8a3812b5e0e694cf51c4543,32.21316857,0.00510461,1289966,29019,transfer,success
72fb1230dd9548fcd6186049ebabff434610bb0805ad2a920da25ee961f95821,2026-01-11T17:01:39.511401,85ca6c323e9d72ae176d109de1da9e6c1586fcd5,e58ac54b80a986171fa5cca4d57a50b18d67d655,24.79853017,0.00323719,1236632,29804,contract_call,success
0a18834a0f63e035f9d950becd2ebc1a2722c09f2c1eac5f2cdf9ca390810b56,2026-01-20T03:51:39.511401,69df9d9d65bb88e5bce48f0a4e5820d26c084849,a3420012a596fa6d86ef717641b19bd260d02adc,47.10373094,0.0045712,1208385,86129,contract_creation,success
7151512a79bb8ecb2de07c067412a4ede709591e0444892b51251325ff3a0bb0,2026-01-10T14:05:39.511401,d8f6eda5fda2e11cb37f896e0193ac04e1b6362e,43ac3edb0c9b6a97d1dc7e543958ea11093acb96,11.05742217,0.00586301,1336787,84096,contract_creation,failed
9a8c20e7fb6e1bbd91ae192f208083e3e0e09ffd9c9b808bff9650eb8ab60f18,2026-01-20T12:19:39.511401,bce711770f6faf3f3b5d95a18687e64076ad5f0b,d20bbaeb65768b99bc358a8d9780d9080c7dc057,16.74895892,0.00521987,1060634,90398,contract_creation,success
1dec0ce40642dac026059e50fc139acfb262d5b1408f0ae57601bb0f7848221b,2026-01-13T10:49:39.511401,db5f35bab4a6b72c71c4c4fb14beaf2f4d1404fe,0078d89ed477dc4c7e0999c95817e739229fb616,11.84242105,0.00519621,1193730,57328,contract_call,success
fe043858776d8ad779d39712a95aa3958f28e65ae5c7f40935e78d066ab0a8e3,2026-01-03T06:50:39.511401,363b496fc6bc8853aa8c43f8fb97cc3c855712e7,e83f6351c3a7cdffc0155773eea39d1ad01108b3,7.77631542,0.00883536,1474058,43198,transfer,success
1d7edaf8f35aa625ef3ad07f3ace5704f9599514db33e8e4240311c59d2269db,2025-12-27T08:21:39.511401,a5ca8c50eb8acda11b55bdff7736c769e2cd2fe0,772bc343eb66d2e11b8b8fab32d09d79496a3d56,12.97454614,0.00854075,1066412,54845,contract_call,success
1fbcbcc4117bf745948ecf91732f9927347ecb45460754a32ea86f7b2fb10d4a,2026-01-05T07:54:39.511401,8e7911259e474ae7d25933cce4a8ca22ed123b31,5e2d699ebb719522d173bb264d3fc8ca9c01aa37,7.59270755,0.00915375,1473747,84425,contract_call,success
05733fde2d168f876c10a3937ee74460326e950baadf7e628e5de810b5f6ac7e,2026-01-17T07:17:39.511401,be5be911450db327b549a3348410ca95ac10723c,95897de46c6e22799d92c586096736bbef5accea,50.14135197,0.00760369,1315819,36495,transfer,success
6b3d97e3a0482d79eb3a6ac181357740110bc78ac6955f3db77e27debc123cf6,2026-01-08T00:53:39.511401,d105c1ebad761f331f628f3db57cb6aa056836ba,d105c1ebad761f331f628f3db57cb6aa056836ba,31.36059366,0.00977249,1430588,68068,transfer,success
feac8cd1463d651540ef5f837867122384b1b42419938e3fe5252d1c12fa6560,2026-01-13T14:55:39.511401,4379c7c8a4a0127620b22db3286160d7f5788144,394ac223cf8c6932e35b0fff2cab2955adf6b4b9,2.05936879,0.00383649,1126871,83468,contract_creation,success
89f30bb24988bb68583b0bd0998bcb6830fb0e8df99271ac7bfc6ab4f9da1811,2025-12-28T22:02:39.511401,f45d1f46d0df8d505b7b15c8db9673cae8ae71a6,5d4ae080959b5aff16753bbd8beaa7a252c6b093,33.12563714,0.00798424,1385444,24274,transfer,success
3052eb0988c74b9ce06ce06b04a1dd0ed5c1669036d52dd29499f5962c0503fe,2026-01-12T20:24:39.511401,e58ac54b80a986171fa5cca4d57a50b18d67d655,f2c3d4fa84de8c442a47080254aecb69968586fb,55.66676088,0.00029751,1163886,41327,contract_creation,success
b42639f3637897087c73a3bd4594fd22b43546863d99ace6c517ff271f44d23b,2026-01-09T20:36:39.511401,915644c0f633be47284192536b918dd7c0bd4dd1,5e2d699ebb719522d173bb264d3fc8ca9c01aa37,25.7270291,0.00853238,1115256,86456,contract_creation,success
23c36d14e520705ca0a20e61dfbf8c81f9dcb4842b64da45e3f5a23ca4849144,2025-12-28T10:52:39.511401,7cdc8d5a46842ff1bfcdeb1baab404871342d677,b6af7e9299d3e32cf9265cfbcb3359f659ce2ea0,14.69757249,0.00069162,1334161,85054,transfer,success
4617ccbdc9cdc9db3950a9a73aadbafe7c74113aca066543e089298a498f4788,2025-12-26T18:13:39.511401,24575bbc15ee3c65796c62e246b30e2694b7323d,baf5c9f28ce8706771fe52be468642819e52addb,81.48607375,0.00608994,1069633,30043,contract_creation,success
4c1fbcaba9d4d39e266a4546416193e8d84367f1588b8038a5af148ec7aa84da,2025-12-26T18:04:39.511401,c317b4efecc8016926df00df238a82e007a3af11,69df9d9d65bb88e5bce48f0a4e5820d26c084849,46.6532942,0.00949739,1325761,45649,contract_call,success
f28cd4b6f4b11406db62f686ffcbea8bbafd06d420037a358ea8f9ad6bf5304b,2026-01-13T16:58:39.511401,46b4051e054bf23e07e379ed0c74b26fbaf7a37f,95897de46c6e22799d92c586096736bbef5accea,16.46537674,0.00082198,1132336,90140,contract_call,success
f78e59646d3524347d869d73ddb3e54eb3ded75081fe13b670cf4d080d88b959,2026-01-13T18:00:39.511401,9b1d130662cf61c8bf3a4812f0fa05a2d3c81bbc,005b2aa8ff98324caa0775bf12701b6929c7a088,8.43967505,0.00253479,1202631,29452,transfer,success
5a11c78d1362fe414635301bd6979befe76c08cccc4a993aeaa4c105c9f655bb,2026-01-09T17:33:39.511401,e58ac54b80a986171fa5cca4d57a50b18d67d655,baf5c9f28ce8706771fe52be468642819e52addb,13.75420866,0.00739191,1179221,69101,contract_call,success
fdddc1b4fa9524219c7069a45ec966cda2f6c337ebd2a9990869ae8d9ee87cce,2026-01-02T17:34:39.511401,50e1ca291d07f081b092140207ccbe2961da3095,b83945ea1caa91a107147047a2c49ed2a78024b2,83.75221299,0.00706911,1300059,38624,contract_call,success
1f671983c4baa4c6b6654a244692486661abf27f3c301204fa5ea57b78fccf4c,2026-01-23T14:46:39.511401,889c73776465eabc59bc5926afc25fdc04d6fb20,7b4a770527db91b03ab596a8f92fb31d628ff6f8,84.00188272,0.00548819,1462205,86844,contract_call,success
53a4e67f47b600bb88068cd59f41d773320d5f8c67a7e5438d3964ef36cef7f8,2025-12-28T06:29:39.511401,9bb2091fb3b6ae32a080908973168c2a5e57b171,f387a3faa5c6e9cc491c4974366942be5f44df71,65.11228201,0.00589503,1208661,22708,contract_creation,failed
0004a9ebb7c630258ab08080dfcdfb587ad9847f18c67ba869d5daab0b8a414d,2026-01-17T08:21:39.511401,352d39e9272c01fdd64f50c80242213db530d595,4c899059e5670fc8a1ea007143996ff9d230b5c0,64.17670132,0.00581769,1137431,76367,contract_creation,failed
273ec7d47e327d23463fc58f6e5ed1904f98500f1aa9b8553c3438675fa0d539,2026-01-18T06:55:39.511401,5ebc582acd1c8872f31ce8a20a452360294f9786,fede3b77d75623c0c97bd08794a83908296d836d,51.59495622,0.00694415,1499071,39155,contract_call,success
d4382a8dae82bf07f05ae3c95ad222e4eee47837abf058be478153f1ee508271,2026-01-17T12:35:39.511401,f42061e807b5d3bd491a3106d6c3ae4c63b728bc,bce711770f6faf3f3b5d95a18687e64076ad5f0b,72.61346919,0.00290985,1239114,63286,contract_call,failed
f53c8d071e769b03e744383915f214ff30389a8aa31c82a2178e3a0f69e5ab66,2026-01-09T00:08:39.511401,85ca6c323e9d72ae176d109de1da9e6c1586fcd5,4934858c22790e2b9a2210f9e9ce27ea6774a2d4,89.4935668,0.00799525,1404973,96891,contract_call,success
fbf48aedec3372702e7e321b998ed5f72cff8df99bcc8fd9e4db4e7c7e9a076d,2026-01-04T19:39:39.511401,1f77fd96b96aae74f19201934098a6468df89999,db5f35bab4a6b72c71c4c4fb14beaf2f4d1404fe,44.91354055,0.0084487,1218113,87638,contract_creation,success
8a4c92b48f857d9fc751e4f123ad63d559900a327f4a1aded4c7af09e844bdc6,2025-12-28T17:38:39.511401,1eed843ca927e450966ee8fceff968ef074e5aff,a3420012a596fa6d86ef717641b19bd260d02adc,74.79260178,0.00202069,1292873,25151,contract_call,success
0f5cf853581a973c869e3f54a18eaa0739c7533b075e610f43b935c0242c2046,2026-01-22T21:04:39.511401,01a87c50928c2a3af2793b161719b4c4f12c4773,3e02b7933d715bd0a23e660fe2c7e691d2b62b10,96.0690838,0.00467877,1125979,38082,transfer,success
7b2926ee027a23b9037887be617fc60c34833d970b495b5613eda7a245131ce7,2026-01-05T11:46:39.511401,f42061e807b5d3bd491a3106d6c3ae4c63b728bc,afb91baa7e62aef60874b6dd1cccfcc46c71e118,23.58966011,0.00183713,1371851,56390,transfer,failed
5537e13228207f5b6ecfff7aacff463c2f17cee96cbd342c46798311684dd893,2026-01-16T06:02:39.511401,304cc66140ce3bbc28257b4e8e881b04ac1a47f4,e58ac54b80a986171fa5cca4d57a50b18d67d655,82.60837579,0.00343563,1088341,86864,contract_call,success
a408938c3f212a699660536769c2a125ee74c20a5105dac3e98e3044123fb0f4,2026-01-03T08:34:39.511401,50e1ca291d07f081b092140207ccbe2961da3095,384ba575b5a90e9567e01e34799dc2377e80fd24,48.65500289,0.00554569,1075046,33024,contract_call,success
ca86fb7e60a79bbedf4236ddc757d95db8d5ce3fcdd6e282c532bb9db4487f8c,2026-01-04T20:36:39.511401,16581c5fb4c1f622b8a3812b5e0e694cf51c4543,3e02b7933d715bd0a23e660fe2c7e691d2b62b10,97.84754553,0.0086285,1045306,29691,contract_call,success
7aaf26bd36ae94e18f30dc205e2f44d3dbf1567d77ed76c164baf35b3de2f354,2026-01-17T16:25:39.511401,cf1e5b42c037186e69ccf2b6bc9f73cd145a7a14,9bb2091fb3b6ae32a080908973168c2a5e57b171,7.37797206,0.00537843,1049462,74398,contract_creation,failed
4ec61e4283f625cb13f6df3eb2cbe164ecdd30e158e78e47da8fe2e6cce1f637,2026-01-23T18:09:39.511401,9b1d130662cf61c8bf3a4812f0fa05a2d3c81bbc,b076afb9598b197b5554ec62a726db9f75a589c6,53.51758688,0.00977671,1424187,96016,contract_creation,success
ceb72b0b0e69c3845d12bdd577d810e4c30c8bbc9ca2f019bc17bf5cd1010361,2026-01-19T06:59:39.511401,11377339b145b44f6bf2bfc905b718d4df7606c8,bba76d3b5e5f719217869269c0b1c8f17e06e197,32.87633172,0.00249633,1058678,75927,contract_call,success
1f35ddd6e98bfa6875c3c87b6f34dbf1e5b4a66e3df52d17a32a526ad65b6359,2025-12-26T22:45:39.511401,ff329d6d494f21fe38af3962fdd5e93846fca1f4,394ac223cf8c6932e35b0fff2cab2955adf6b4b9,66.34794987,0.00359225,1137419,32897,contract_creation,success
0a07fc291573bdaa3684f2771b90001edc23013a8f5f8048aa249912e755b9d3,2026-01-10T14:20:39.511401,5a30db2cecddd32de34b2db262c9e2b8046581b6,12d1b07854ab663f5d0983924077789f059a2f60,40.35865342,0.00995407,1052293,84369,contract_creation,success
8ed6bc2c876571f38c8379ad8da2e2dda3e522e04987a3390d3cdb4f930057a9,2026-01-08T13:39:39.511401,50e1ca291d07f081b092140207ccbe2961da3095,fbfc61d83385c737a7a385df60244227f04a87fe,47.98852179,0.00320879,1204786,65713,contract_call,success
59243fa2cd14c3ed43d27dae1758ffcbf66c12aec9689a085360724d44767fce,2026-01-24T03:37:39.511401,a5803e3050ac829baef8e3686936033747e677ac,1a1321809912b4732124ff1e1e4b79811f43511b,65.55744567,0.00504748,1404608,51346,contract_call,success
fee762c24becfff39810353f25f2eedd040bb3139ce2cf7e02abecdd2a10dda8,2026-01-16T05:15:39.511401,772bc343eb66d2e11b8b8fab32d09d79496a3d56,5bed41b46b7d38b2b57c1e6451eec82c4a3e30ac,14.56406567,0.00135345,1041633,65400,contract_call,success
84ba77ef2af789b866446b183a4d4ee93f082564c589a2774d93b804016ccea8,2026-01-11T08:49:39.511401,9f38b252d122e220ae8277b53aa3e68cec36f42e,ab5bb17e6b58fb97d83b89115a6ee695794e9637,55.61680093,0.0009429,1173683,35066,contract_call,success
17cfc4b66a533a650d5c3917688c3427e7bd73633b3ef653469b6be709627706,2025-12-25T20:02:39.511401,6f02463b4965798ad212be0ef75f45f39304fa5a,11377339b145b44f6bf2bfc905b718d4df7606c8,42.64362642,0.00277213,1031041,87185,transfer,success
426bb4828a95d644d307974d7d70c9ce3016cc9ea4c309fb27c0aa3555e5cffc,2026-01-03T03:19:39.511401,8757f9779d4f4437e3bb81f3fda692cc402ea869,17efd34b75e476b69cc5cf9f43bf67d54f713e23,51.66845581,0.00931011,1301402,85366,transfer,failed
4c5f67b7cc9da671bf81fa8e9ee9213b5a70315fb500a3f1c3182ce222701b6f,2025-12-28T02:07:39.511401,708e13ee23e506c24901ccfc9ecbef6ca7871dea,772bc343eb66d2e11b8b8fab32d09d79496a3d56,6.14131193,0.00123504,1091798,31129,contract_creation,success
1f98acaafe7aa1fd29cd1a172959d4b92dc3fdae04ef931d0062a6d4763cc742,2025-12-27T16:23:39.511401,08c9911c7ff77c9dbf3940572b60f143be0ca13d,3e02b7933d715bd0a23e660fe2c7e691d2b62b10,91.83929694,0.00217013,1335319,38038,contract_creation,success
d2bb9ecc93661f0de2e4b5993df33fe654c6cbfcc68007cfd35f0faae17e5ada,2026-01-20T21:26:39.511401,99edb4e5b1f41b09d11781d9ecaf35a6d5124e35,b83945ea1caa91a107147047a2c49ed2a78024b2,41.76932757,0.00171752,1311751,45196,contract_call,success
985e39e8546755c366eddca9b8df3bf21b4d9341ee1a8bd9929355b2ef48b906,2026-01-18T04:55:39.511401,92c93a41399668366866779db94273a17b3fdd0f,14ee9e523b74474f2747f9ce9bf36b7c9ca7b891,62.56124656,0.00433387,1182426,70552,transfer,success
7faaad6fcd6dc91985b44252697cf1008d0d87c08f51bc0615be7582bff520a5,2026-01-06T05:40:39.511401,76ce1762918bfe2c5c2358c1a69ac291eb257958,58a2bf18f819ab1fa1bb1291d03c31e7e67cb6e5,82.41365622,0.00437775,1107117,91790,contract_call,failed
c31856fd19170369653d6f4ab36931da4cac1277a624894ec618af3415cefbe1,2026-01-06T09:01:39.511401,d6052e7896fda99aafae89ccfd0e869894df7fd4,c76ce849452cee9e9e0d0fbd5b214f2dd225b4f8,96.87917271,0.00631763,1453266,31319,transfer,success
b45f1fce1986467aa4d669e1144cd6fc2ea64a16ef6a43edb071f3e6221ba35a,2026-01-21T12:01:39.511401,d8f6eda5fda2e11cb37f896e0193ac04e1b6362e,cd3f762567b5ec90e9e86dc399f3c419af96a61c,44.58147691,0.00177869,1394000,95831,transfer,success
e026c4e710459819704ad09e1cc7a27a25e1b516504980aea2bf3136abaedc37,2025-12-28T05:55:39.511401,b83945ea1caa91a107147047a2c49ed2a78024b2,16581c5fb4c1f622b8a3812b5e0e694cf51c4543,69.98324402,0.0016872,1370044,94730,contract_creation,success
aa842037e1fa9ca1668e098897c9118f08e021b3b7d166d3366cc550c324f331,2026-01-13T11:52:39.511401,772bc343eb66d2e11b8b8fab32d09d79496a3d56,99edb4e5b1f41b09d11781d9ecaf35a6d5124e35,24.9878918,0.00563211,1356899,89166,transfer,success
30ae499d9cba9ccc348f07b14580bab05ec44ae7080a3fd4ee461acf5bf40a4f,2026-01-09T03:41:39.511401,7359806d3607465fbdd901336e347dd218827e85,0078d89ed477dc4c7e0999c95817e739229fb616,89.50584664,0.00912453,1495574,82549,transfer,success
718918ef438285d52c54231e34439cad4dc3ac573a2432a129929be8cf9906a9,2026-01-06T14:11:39.511401,496f2e782644d59dcff5a85266b128ff1d5c831e,524cec3b666c037a6bddfe2b6e5ea1444a4ad287,8.3607831,0.0085613,1216683,74422,contract_call,failed
5fcbaf86197011c5786522c9de64ca8f28ddc9de3e44d4f956e3736faf6d280c,2026-01-04T05:15:39.511401,68e36cdd2565dadeced6f593d8714df844530601,fb1e647ac222ee1e1aeb3937fd3c73f61948b892,72.02762036,0.00420613,1020064,46087,contract_creation,success
e058a7a9a8cb57ea78f43ca9fcf30e13585fe1bba7cdaccfacfc59913a4cccf2,2026-01-23T14:47:39.511401,88f00a2ad07f621eedd45078db36699b55f31e88,564deb889b11c8759aeb27e1e21fa466e23b47ca,81.0424309,0.00826977,1033256,81798,contract_creation,failed
264757cb2ff7412cd5b3a64243522456f2284f213dc322151e550bf4bd389b80,2026-01-10T04:38:39.511401,92c93a41399668366866779db94273a17b3fdd0f,2254eea36172c87e4240255f1dfe99ec01bf002a,68.83330389,0.00813375,1138222,21405,contract_creation,success
b7f5fcd92ec3551752c1f15ded7ccdc0db0e7b69227ecb517644eff713caff67,2025-12-26T13:10:39.511401,99edb4e5b1f41b09d11781d9ecaf35a6d5124e35,6a749b9d70303f71f0bbf15769eb15021faa1bda,90.31970585,0.00710417,1198057,52583,transfer,success
58b55e92a6edde9b1bd9771c58d3ccb243bf8c3311df6357c77599e930b2b8e7,2026-01-03T06:15:39.511401,c317b4efecc8016926df00df238a82e007a3af11,b1007b54bfbfe0f03ceffd3283b7e8317bbda677,50.94602578,0.00403826,1023031,83190,contract_creation,success
147c234a1a3f8451c3040e8c4ae65ba0093542b0718f1934a350cba6d9f8e9ab,2025-12-26T18:02:39.511401,e58ac54b80a986171fa5cca4d57a50b18d67d655,9e619719b21069076caebf3fae5631ded8cf7b9e,24.87367538,0.00508525,1314571,22591,contract_call,success
fa13ffc3fd2faf2e426009420d60d785aed5416398ef470fb970dc57be250c5c,2026-01-14T14:43:39.511401,61f90060f90bb647830d9d1f19ab48e30a704c21,e60e385d2aced64061da68030918fd35215f8799,8.60546709,0.00745907,1139290,40328,contract_creation,success
2b104b8cd120c4d5b138f2c9335b2ac2389d34a42226ff304325c1f1d7c3d4a3,2025-12-28T02:42:39.511401,99edb4e5b1f41b09d11781d9ecaf35a6d5124e35,171f0a21047ab7dabffeafad4b26c9781730178e,65.13604248,0.00140482,1438971,73277,transfer,failed
348d19dcd5310797cfc575de7a4bdbce7d17222d54a46d2e29463fca406f58ab,2026-01-02T03:26:39.511401,43097c075c482bf54e66365e56031dd32c164a68,d5ea37a8c94b591caed69d439681029559e9ac7a,48.54977914,0.00684705,1270693,97280,transfer,success
3dec388541e7ea0bbcedea217a63bf0671b5dede6c30e7457ce1eda6754ee88c,2026-01-24T15:48:39.511401,af6ddd22e033d31068bc27c42af1b8913c6a5d32,68e36cdd2565dadeced6f593d8714df844530601,76.87434546,0.0063181,1475734,95397,contract_call,failed
d412624163d726eefd78069a3eb1676673c1817131e345a208ed336ef4464af9,2026-01-03T22:44:39.511401,5d4ae080959b5aff16753bbd8beaa7a252c6b093,fb1e647ac222ee1e1aeb3937fd3c73f61948b892,52.77551692,0.00873509,1369255,44988,contract_call,success
ae4511d9a5d6c9f8447de97f5fd681100ff31efb73f7835af007870e711f5093,2026-01-23T01:13:39.511401,708e13ee23e506c24901ccfc9ecbef6ca7871dea,17efd34b75e476b69cc5cf9f43bf67d54f713e23,41.19980261,0.00153525,1152159,79546,contract_call,failed
5b4b745dad3fc87d5efb1f25d70f13dc4aa6140a182fce877aa328eef22b61fa,2026-01-23T13:37:39.511401,728e13ef0861327b18e89e114c9c7db433fe65f8,527442721d2913755f3dff2822a95fdd59c8f1a1,62.85502862,0.00324899,1235407,72754,contract_creation,success
bd76b9e6a3a36c825f35484acfc3c65e86d2162a63eb17796ccc4fa2684204e1,2026-01-11T20:47:39.511401,11377339b145b44f6bf2bfc905b718d4df7606c8,99edb4e5b1f41b09d11781d9ecaf35a6d5124e35,22.72684278,0.00481699,1498541,28390,contract_call,failed
4d5dc2c7646c9834f08a25b6908cf5417436e5a01d7c820d3d37773cb3f0d876,2025-12-28T06:09:39.511401,92c93a41399668366866779db94273a17b3fdd0f,9e619719b21069076caebf3fae5631ded8cf7b9e,12.33798645,0.00651852,1247270,42527,contract_call,failed
8d5fdcb02980e781840e36f390e50b779b364cf9c089a7031cc379ca307135a5,2026-01-02T06:04:39.511401,17efd34b75e476b69cc5cf9f43bf67d54f713e23,11377339b145b44f6bf2bfc905b718d4df7606c8,62.337244,0.00568577,1413464,84177,contract_creation,success
e9e35c8b0ecdf06708df478ebc18818d6c2ef68c31a88e351ceccad5eacb0cea,2026-01-13T11:30:39.511401,363b496fc6bc8853aa8c43f8fb97cc3c855712e7,b6753c52d0583464076fd1fbbbc84f3fa3f94d51,76.11910244,0.0089248,1308992,79042,contract_creation,success
08979171692413cd78fc07c61bf99f8542a962071680a7f948fad4c738b5a880,2025-12-28T18:35:39.511401,728e13ef0861327b18e89e114c9c7db433fe65f8,1bc2e9e70deffa62a3a205745a234acd9a8862e2,81.0562051,0.00942716,1314370,41808,transfer,success
5e0b7f8ffdcae224986264491692a12815185d530f6e1deea644615a96fdcdd9,2026-01-06T05:41:39.511401,9bb2091fb3b6ae32a080908973168c2a5e57b171,af6ddd22e033d31068bc27c42af1b8913c6a5d32,38.91957379,0.00223714,1496978,28913,transfer,failed
f3d14861738fdd50ac388b39e093485d2c76bc5d4caf207e5c8215f716c07791,2026-01-23T22:10:39.511401,642c7345397babfbba149fd4e8f7680154784deb,43ac3edb0c9b6a97d1dc7e543958ea11093acb96,36.26821161,0.00663553,1359211,93857,transfer,success
b93f47dc021647182982a7ab9928fb70855829dd7049f172a69bfd1eccef4df1,2026-01-09T18:28:39.511401,fda7db8b42faf13a2c3930a63d38ce755f778208,1e67e4c0e3920dbc6481b3a8571a4a3b75a0906d,2.00831609,0.00912057,1442570,68154,contract_call,success
3a430acb626d86757d6beb716995ea4eb18b1defdbff0a2a88a3870e884628b4,2026-01-09T15:08:39.511401,7b4a770527db91b03ab596a8f92fb31d628ff6f8,b1007b54bfbfe0f03ceffd3283b7e8317bbda677,34.27576413,0.00546098,1266450,62611,contract_call,success
5ced23e797c4465bd331fe0d7d26120437ca9b83b8b20af3e226797c04b7f1c9,2026-01-24T02:49:39.511401,18c87725e5abbda534e0fb34992b9dd5880c5b3c,ae9c8d1a6877e7a06dbc55839717b59cb61d6714,55.86202755,0.00907215,1051979,72097,contract_creation,failed
93bb2fabcdf10d9ab2e8320ba67f9c4d7d28232aa84cf206448ab4737c540ba7,2025-12-28T00:21:39.511401,16581c5fb4c1f622b8a3812b5e0e694cf51c4543,12d1b07854ab663f5d0983924077789f059a2f60,4.08739638,0.00250336,1206127,38890,contract_call,success
d2d0d310516516cfd730ea579e7b639c40672efca51fab3b1a5290fd7964b0c1,2026-01-20T14:18:39.511401,496f2e782644d59dcff5a85266b128ff1d5c831e,1979631e8ecb7019fd124f8a894e730818f3f023,46.04779367,0.00387387,1112284,56185,transfer,failed
081979f6db1b26177c0f634f20fb9c86dc4782784a9ae243a13abc6d8c68ffb9,2025-12-26T00:24:39.511401,e58ac54b80a986171fa5cca4d57a50b18d67d655,d5ea37a8c94b591caed69d439681029559e9ac7a,53.34901156,0.00316232,1308445,99177,contract_call,success
4b4fa51cc6ad706d0a46464cdaf313fdc595e0ee0a139e73165e8b9846991ffd,2025-12-29T21:25:39.511401,5ebc582acd1c8872f31ce8a20a452360294f9786,8b657963469153c8784445df2ebf67b17739af28,73.78027304,0.00289146,1110285,78699,contract_creation,success
f27175843834c3446ceef8d0da74eb4c8e7c2d030aa81562ced0109fbd1e2eb0,2026-01-10T16:19:39.511401,d20bbaeb65768b99bc358a8d9780d9080c7dc057,394ac223cf8c6932e35b0fff2cab2955adf6b4b9,50.45758941,0.00648931,1439486,80903,contract_call,success
4ea8536d4e5bd1f0122ed6c88ba64d4170e1a5b2eb9cbd1e1e7fac606f366c4a,2025-12-28T07:22:39.511401,19cbb0bde5e402e2695da3cdc909e5ac0a6a3c93,2fdc6ea1f71266ab9515d94029a778a1ea964d53,17.07417995,0.00900143,1428091,95899,contract_creation,success
71df854bba8705fcbf97372c466baf7e368cb114a2c22f61a4f65555bdf280e8,2026-01-20T15:20:39.511401,495a1cf8d6485881dbc1cb19cdb2c5060d11fade,f42061e807b5d3bd491a3106d6c3ae4c63b728bc,40.78512854,0.00973657,1225920,62204,contract_call,success
20570a528f214ee44a0440965fb073cc05b579bafea3de06f208d42aca30a5eb,2026-01-11T13:29:39.511401,a1e24b97f16bff321f46b0e1bfc6050b899bb551,708e13ee23e506c24901ccfc9ecbef6ca7871dea,42.77810983,0.00116499,1371846,65179,transfer,failed
1d3a31a88bc8d9d55dcab6794812b381f53d21b13a7951aa1bba6c90e39d983e,2025-12-30T03:45:39.511401,8afb15d7d26da4ef63bde1eefbb8f2255bb9258c,9b1d130662cf61c8bf3a4812f0fa05a2d3c81bbc,11.43381089,0.00026607,1055342,87994,contract_call,failed
046e0913ee3042635175773cfde5de49dfffe33b04c3bd4a1f79e17a29409011,2026-01-09T14:58:39.511401,d8f6eda5fda2e11cb37f896e0193ac04e1b6362e,7fcfc8df0fcb337a118bcb3e7b4ace1c71179a8c,95.83258364,0.00070671,1212004,35828,contract_call,success
cd0b355297edf0d443fc1954bf1a9d8c4644a83b90befde729090e953451cc00,2026-01-09T13:40:39.511401,16581c5fb4c1f622b8a3812b5e0e694cf51c4543,65edcb072bf774f56e6c48074db51e8530d5e675,95.53519783,0.00465035,1130412,81642,contract_creation,success
5edeb02369ea090fe2100c6a4da71c1eb303c7d376dbdc91b94d15a957e45db4,2026-01-10T00:33:39.511401,f45d1f46d0df8d505b7b15c8db9673cae8ae71a6,35371a0643f6571ce5874b7796842b06f1a556d5,50.31842693,0.00333257,1215913,35332,contract_call,success
9ef2eaae1ee6d6188ada19a8bb7be9ba73cbba50d1bbd8c1282a6e21582f1054,2026-01-22T15:03:39.511401,24575bbc15ee3c65796c62e246b30e2694b7323d,b8109400b5a3a15d8aaf23368df623e5481150a4,53.94093669,0.00029891,1011210,86041,transfer,success
44f6e2ebf73e804c0e4b658f0dbe77d5ee8ab18dfbe81702443e10354c048d8b,2025-12-29T00:36:39.511401,3e02b7933d715bd0a23e660fe2c7e691d2b62b10,7c4eb476998eee90face337e3d212a5e095cbc4a,82.80457988,0.00779537,1364363,59604,contract_creation,success
70f889bd190ced3a73a9f6c5877ba15524cf33ce9d3b34e8b92ce16a2a1a25ca,2025-12-29T01:08:39.511401,728e13ef0861327b18e89e114c9c7db433fe65f8,bba76d3b5e5f719217869269c0b1c8f17e06e197,38.69233986,0.00281735,1100228,24133,contract_call,success
f671fdc70ea5010e972f97de8ef2f30898e5ad34df5f11e9f7d0f0e21dea2d59,2026-01-03T07:25:39.511401,6f02463b4965798ad212be0ef75f45f39304fa5a,4487f0dd0dd1ba4a8fc71657e72de70b06fd3d3c,5.97756648,0.00253523,1331496,81111,contract_creation,success
352688a4c2eeb1d0c77c53f783f9ded04f394f16f88917fa84ab101452c76328,2026-01-22T19:24:39.511401,17efd34b75e476b69cc5cf9f43bf67d54f713e23,0e36c3de974f513726c087eaa9764e1bacd434a8,94.83225081,0.0004323,1160022,73357,transfer,success
7aceb731225a35b93ba67dc0985dd7332fe888c0153dee5f8de1d4c6043135d3,2026-01-01T00:06:39.511401,24575bbc15ee3c65796c62e246b30e2694b7323d,95897de46c6e22799d92c586096736bbef5accea,80.61221947,0.00103469,1455732,56059,contract_creation,success
02392f51e4ab3013e7d9a0b4ec8ef4fcaed32d64f07b9a5a88f3efb112ea414f,2026-01-13T23:30:39.511401,7359806d3607465fbdd901336e347dd218827e85,c185627f38512cad04bccef4133506ed7dd671f4,56.1477993,0.00766422,1231401,79305,transfer,success
635c1512aac017f3501cd56ed799ad409672fed5c0200dc4c1022d8b04d26154,2025-12-29T11:25:39.511401,ad0de35182357443b56cc7bb046cf0d115dde530,f356dbdbf3e5f00fc15f35171e6ab7554580d652,5.77481609,0.00076068,1174942,85086,contract_call,success
0ed0a8329db614d257e99e69342dc8098eed56594608dd39fa2d37d3b9961126,2026-01-16T07:57:39.511401,9a5d3714d2b6b052b82193ae41735eaec9a5e555,d6732552243a48e1bdb3b7505529da07551e6fd0,18.85761133,0.00698552,1242720,60758,contract_creation,success
605d27b4254d45cf52e6fbaa0143250cdadb5c619cb0b2632fe0ef694f2c7a8e,2026-01-14T07:51:39.511401,29125aca7a66751d22bd44fff3124d31820f2cc4,b7e7af1f4eea732f0d5d072e6f0ff5b3b2302d5a,10.91774875,0.00259338,1021612,54622,transfer,success
7441649e12fc3c60fbc57ddf9a8c5e68c832d7ba994a70f592a8c43a7fede4a4,2026-01-20T22:04:39.511401,17efd34b75e476b69cc5cf9f43bf67d54f713e23,b1007b54bfbfe0f03ceffd3283b7e8317bbda677,25.20865824,0.00936008,1178185,73980,contract_creation,success
7a52824c842e130d89d73678c4997ea89f0b778bdf8cb8b75cef96a7522de7d2,2026-01-05T11:02:39.511401,c9127c673a1b24e05c2e647b3784b0009a3b503b,92c93a41399668366866779db94273a17b3fdd0f,94.15926776,0.00979268,1101806,98716,contract_call,success
568bfedad740e8839664b1f0189dd351b5e8b86780f55a9bfa89e19ad0718f2c,2026-01-01T05:22:39.511401,2d3042202ff4ad89b99996a782d7facae6693c0a,40f1a9b32fe56231e3e8eb4169d45f5cf9892639,91.52375441,0.00750822,1400664,85223,contract_creation,failed
60920df1b7c7dc8303ebd3f7bc3b132392775f99d708825d174524a0a01d5957,2026-01-10T19:42:39.511401,85ca6c323e9d72ae176d109de1da9e6c1586fcd5,304cc66140ce3bbc28257b4e8e881b04ac1a47f4,73.94387827,0.0050399,1104265,40702,contract_creation,success
d448a774476c64df767c5292c57fbc634037a795495ee95a7e3ecf52d183f6b2,2026-01-14T22:43:39.511401,d6cf975f6cb8faabe9bdca0cff86f9852be48d6f,5ebc582acd1c8872f31ce8a20a452360294f9786,34.57057994,0.00756931,1066658,26040,transfer,failed
2fde4b40cc68a1d5e62ec98e2e78aa20fc55a059b59252edc4e75bb46a8ae15c,2026-01-04T07:21:39.511401,a5ca8c50eb8acda11b55bdff7736c769e2cd2fe0,193855b4a88021e8e55dc5c3714b5c8f2b45961f,10.58973889,0.00348301,1356315,52353,transfer,success
6cadda97a525e2d85909acec8acd72aded47d8c2de602bbf9b4723ef101faa23,2025-12-29T20:25:39.511401,54f1e9cd64d203395448e9c03861c781fedccba3,80c21f0ff2eed67f655d8d97e9aad37592254456,97.9922048,0.00432132,1131431,69417,transfer,success
f9a695cd374f8803dab6bad15440884526e919cc3a3f990b6bf07c8f0909f7e8,2026-01-11T11:06:39.511401,55826cb88dcbb2e94766392a12ccfc11a86f314f,10e3a3d7f33bd50dd65794e7365cd619925304d2,23.42374844,0.00629102,1351660,25688,contract_creation,success
b1dba909f495c872952e53f22aee0d6689538c34c1c8dce0cc7ccf2d07793b25,2026-01-02T23:33:39.511401,4934858c22790e2b9a2210f9e9ce27ea6774a2d4,981f6c3658dd4853243430ee0e0bd9eaec99df6c,29.73408785,0.00481141,1228805,73731,transfer,success
dceeec0945e4329219576bea4e01b752a9e127d540a88dd0593627a4d670d5d3,2025-12-30T12:59:39.511401,7359806d3607465fbdd901336e347dd218827e85,304cc66140ce3bbc28257b4e8e881b04ac1a47f4,26.07795481,0.0003101,1127726,25905,transfer,success
f6867f23fb7ba8bcf1ba4029b376b798657924926d6fd46499b9333f5fa11052,2026-01-12T00:07:39.511401,eef04c7f11bf702d9b324a2f7831094db6c7c0d0,d105c1ebad761f331f628f3db57cb6aa056836ba,97.31487128,0.00585389,1341958,52615,contract_call,success
578c006e8fdcfec98c34ca5515e5c7ce8f32d4c78baba1ac1c34b127645c736d,2026-01-24T00:01:39.511401,7c4eb476998eee90face337e3d212a5e095cbc4a,fda7db8b42faf13a2c3930a63d38ce755f778208,15.201928,0.00662231,1407876,92646,contract_creation,success
ce2e1ca85f1b555e4a388b4d6bfb0358e5bf3d218c757c1fa0d58a5b26d53ed4,2026-01-06T22:32:39.511401,25d90bc3c0a3ccf6fea8327a40caade420ebf13a,e7aefa40fd33f17deda38f184cf9e04b4203e38d,48.0236039,0.00219189,1129905,92126,contract_creation,success
9ece93facda0607cd750387d998414db38848dd2a516e158be5a0c836a73faef,2026-01-05T10:45:39.511401,7fcfc8df0fcb337a118bcb3e7b4ace1c71179a8c,58a2bf18f819ab1fa1bb1291d03c31e7e67cb6e5,95.87660875,0.00584413,1090827,87430,transfer,failed
e45b424e95f9bf3ede1b269909a739149e409cf704e8c70b2d3c21085ef193cf,2026-01-19T09:14:39.511401,f63812aecc934ff02830f1a5083aea49cef946ec,db5f35bab4a6b72c71c4c4fb14beaf2f4d1404fe,71.13404032,0.00158713,1008172,91259,contract_creation,success
423fd804f39aac714ecb71b6ea1644ad62f4fbe65d5947eaf7e557923a2201d7,2026-01-08T22:00:39.511401,2d1598ece3c951ccce3819bf2179639d31737d60,fbfc61d83385c737a7a385df60244227f04a87fe,61.24009809,0.00749641,1468002,63649,contract_creation,success
2ec9a08a607c43b2b630353bd17c3eb0afadeaf9414bcf0841e58074dd303b80,2026-01-22T11:21:39.511401,171f0a21047ab7dabffeafad4b26c9781730178e,2d8347599932c8665f5c06484039ba859e0b8921,31.8872712,0.00050209,1319297,29282,contract_call,success
be9bba53e2a174b57994f96c9752417f45751d1d20c43c27fdc0e0724bf75fa5,2026-01-09T23:01:39.511401,4934858c22790e2b9a2210f9e9ce27ea6774a2d4,2d3042202ff4ad89b99996a782d7facae6693c0a,80.31685382,0.0060443,1182059,41410,contract_call,success
3917a4a1f6a4dc290d81da3afde42f84ef8576c3b96e7ab94259e129d5e30068,2026-01-15T05:54:39.511401,394ac223cf8c6932e35b0fff2cab2955adf6b4b9,5a30db2cecddd32de34b2db262c9e2b8046581b6,78.37103376,0.00484162,1352966,35527,contract_call,success
59a138189b0dc54beeeebfa6a3b7988b2b4caf6fe7812b2fcc6182b899be5162,2026-01-03T18:41:39.511401,25d90bc3c0a3ccf6fea8327a40caade420ebf13a,b8109400b5a3a15d8aaf23368df623e5481150a4,68.54292935,0.00941149,1070240,62031,transfer,success
31a5864deb21f0c6eb759977cb463df98bbc01aa1e1b7e36f10a92e320764fec,2026-01-08T04:25:39.511401,92594b7da378a8e14ef21f8b56ca88a982b9ec27,dde65ed01c232c8c9a067af9cb0c02473a3b2f6c,8.23293881,0.00992081,1015349,77570,contract_call,success
364fc76c64e74b72371109ac2b6f751f5f394d0a49cc0434fb0174ffe16560ff,2026-01-19T07:58:39.511401,2d3042202ff4ad89b99996a782d7facae6693c0a,d8f6eda5fda2e11cb37f896e0193ac04e1b6362e,79.87946694,0.00721283,1111959,25300,contract_call,success
99d16561fb15c403b7753dc409598777d2d2fb7677c31cd555a3c4719175002d,2026-01-14T12:46:39.511401,1f77fd96b96aae74f19201934098a6468df89999,882b0e1975d85fb691b83e4c9168f065ed6817f1,60.66680307,0.00941233,1293651,41020,transfer,success
f55cafe424c9810c8dd6fc0a3bb58d2caed54b212e580a355383cfef10f340b2,2026-01-09T08:24:39.511401,8757f9779d4f4437e3bb81f3fda692cc402ea869,92c93a41399668366866779db94273a17b3fdd0f,31.99055021,0.00909143,1351877,47471,contract_call,failed
d7d65fb02820f7cab5aaf90dfee9768ed5ffa1507d08ef703af61d1f971000d5,2025-12-31T23:16:39.511401,e83f6351c3a7cdffc0155773eea39d1ad01108b3,e60e385d2aced64061da68030918fd35215f8799,72.51664035,0.00761119,1178308,78651,transfer,success
b6dca2c7d0b4a95dcbb99538033d6bde3e4966467cd4085c5b5203892fbf1077,2026-01-24T09:48:39.511401,171f0a21047ab7dabffeafad4b26c9781730178e,14ee9e523b74474f2747f9ce9bf36b7c9ca7b891,22.7345301,0.003092,1153182,70728,transfer,failed
2b088dc660f68517d184897de7c2d66ac89af5253c41c85afe7548df09ed3adc,2026-01-23T01:24:39.511401,29534eb48c4aa2b34bff5c8a0b31444054ecd6ea,e60e385d2aced64061da68030918fd35215f8799,84.70726751,0.0053578,1061417,22267,contract_call,success
5398d995e5f4bc0b7cd84cf6ffd2f58bbfedf7b4166b9c54157c693fcb19661d,2026-01-09T00:52:39.511401,bc0d893fa8253991353e626c792f8afeb55a958b,1a1321809912b4732124ff1e1e4b79811f43511b,25.45121859,0.00394372,1170210,25475,transfer,success
e790edb883289a97b416d8b3eba2f99fc516ac8317901184575ee5bd88ed69c1,2025-12-27T10:52:39.511401,9f38b252d122e220ae8277b53aa3e68cec36f42e,fbfc61d83385c737a7a385df60244227f04a87fe,61.28261823,0.0057698,1104801,43611,transfer,success
435a63478af1984579c2ea5a3ab0caf63071a41e9cf1a53f081ef41df8368e91,2026-01-06T08:55:39.511401,95897de46c6e22799d92c586096736bbef5accea,92594b7da378a8e14ef21f8b56ca88a982b9ec27,14.38759822,0.00539812,1467883,31550,transfer,failed
5b301fa5904094e4847e515d267b919279c40137c85dd32c214dbc95c2bff6e2,2026-01-04T00:49:39.511401,24575bbc15ee3c65796c62e246b30e2694b7323d,9a5d3714d2b6b052b82193ae41735eaec9a5e555,71.24095315,0.00787968,1067433,29383,transfer,success
15d758864baafac0a6ab1851b3be26f866e889a8ecc2a47a3b8e68cdb8f172ae,2026-01-06T02:36:39.511401,304cc66140ce3bbc28257b4e8e881b04ac1a47f4,495a1cf8d6485881dbc1cb19cdb2c5060d11fade,14.40047482,0.00551899,1377144,32480,contract_creation,failed
e15ff4275f806726b6b600910d8a9527be5dae388882a05eae609b87168588e7,2026-01-09T21:06:39.511401,464048cf0e5a34f7e47d5f23dcfb1d3f339c0904,f2c3d4fa84de8c442a47080254aecb69968586fb,43.8092636,0.00075037,1042274,76868,contract_call,success
6cb0947914a8251d70bdf97270b47476bbcf4ddef6be10739b7825848975f443,2026-01-07T19:53:39.511401,4681d64ab774c1782af962623b3aa93222885280,e83f6351c3a7cdffc0155773eea39d1ad01108b3,66.47262882,0.00748058,1363904,89150,contract_call,success
fda63dbf018cca1df0f189c68d6195113bd15be32f8f7fe2a881a969d4e21bb0,2026-01-21T04:34:39.511401,11377339b145b44f6bf2bfc905b718d4df7606c8,4934858c22790e2b9a2210f9e9ce27ea6774a2d4,71.31272849,0.00093167,1436700,58764,contract_call,failed
34fde9fa30858db749672cf9ea2810e7fbe57fe1bdea741ca11845c78f52180d,2026-01-16T20:02:39.511401,2d1598ece3c951ccce3819bf2179639d31737d60,b83945ea1caa91a107147047a2c49ed2a78024b2,50.33196525,0.00836671,1245640,22737,contract_creation,success
88f46f93d0db0a66eb59a5307c9014fd12f7434b91f2480a269e3d772be6274d,2026-01-18T18:30:39.511401,b7f1f0402dce5bd5c4167bb12f5ac4f74a076c5e,85ca6c323e9d72ae176d109de1da9e6c1586fcd5,29.25944861,0.00766683,1229610,83954,contract_call,success
5ce1ba4da4ff22ef7966d46fb24e92c0f63f8dbdad88f7195d56a0daa00f459d,2026-01-13T09:20:39.511401,a5803e3050ac829baef8e3686936033747e677ac,495a1cf8d6485881dbc1cb19cdb2c5060d11fade,99.06976503,0.00579396,1373153,21523,contract_creation,success
46de1cb8464b570adda60dc4c04ccff44928d9090c9c0bf6e7061eb534774e2c,2026-01-12T20:49:39.511401,363b496fc6bc8853aa8c43f8fb97cc3c855712e7,76ce1762918bfe2c5c2358c1a69ac291eb257958,70.53749088,0.0069838,1324425,55890,contract_creation,success
5c92b66dcd928decf738b4341761318a15be4527ef90cd813957fe1c778a03b0,2026-01-07T08:30:39.511401,fd5a20eb3531e597585954475e8597bbe88e5b9f,5a30db2cecddd32de34b2db262c9e2b8046581b6,94.47582349,0.00842305,1075138,38468,transfer,success
90492aee6b22889500481afba51c1ae7a5d7268093f45dec15b5da97f924181a,2026-01-20T02:06:39.511401,708e13ee23e506c24901ccfc9ecbef6ca7871dea,fede3b77d75623c0c97bd08794a83908296d836d,19.40366275,0.00591176,1256292,81798,contract_call,success
abf46ec1da40f03eaf9383ce5ed38638383030d1254fb852c4c776f6f188af73,2026-01-16T23:28:39.511401,1a1321809912b4732124ff1e1e4b79811f43511b,d6732552243a48e1bdb3b7505529da07551e6fd0,26.96018112,0.00377819,1013634,83422,transfer,success
8bc394702215e70b59713063b4eade97e7d6a38d4311603e8e87f53e9469e4c9,2025-12-29T18:11:39.511401,b6af7e9299d3e32cf9265cfbcb3359f659ce2ea0,fd5a20eb3531e597585954475e8597bbe88e5b9f,44.22214376,0.00891368,1311994,28442,transfer,success
df048952df79afa647dbce87b3d8e2220ea433371ec2332f5d0be1ae15ee1254,2026-01-20T12:44:39.511401,e471a7da07d19672c5d92b13dba97970a5f9ca21,d6732552243a48e1bdb3b7505529da07551e6fd0,8.77627402,0.00579638,1362970,44369,contract_creation,success
7eec4b4941b140d271942841149a7989af1b7b4d4b717becc07ce1e65c6db4f3,2026-01-10T01:33:39.511401,8e7911259e474ae7d25933cce4a8ca22ed123b31,c77a68817983732b183c33e33c15f6fa9bbeb710,57.05553439,0.00661267,1017832,47345,transfer,success
4ead958bd0f88e8611f926fe68ddccae9bd4bb5deaeee68a6ce788fb2c0d87c4,2026-01-12T00:27:39.511401,7c4eb476998eee90face337e3d212a5e095cbc4a,25d90bc3c0a3ccf6fea8327a40caade420ebf13a,18.92732217,0.00166239,1105751,39471,contract_call,success
7fdf3f3ab7ab0a25674371c1cef1c8be3be1af6a327d80fa9ebcf753db0653ff,2025-12-29T00:26:39.511401,69df9d9d65bb88e5bce48f0a4e5820d26c084849,a5803e3050ac829baef8e3686936033747e677ac,53.12016974,0.00067611,1068209,68050,contract_call,success
244a2491ab9515b169785fba4afbceedbb63576560be47e6e81cee4d31f55691,2026-01-04T19:48:39.511401,0e36c3de974f513726c087eaa9764e1bacd434a8,55826cb88dcbb2e94766392a12ccfc11a86f314f,25.91687268,0.00224674,1055096,89124,transfer,success
69628dae02d825db12e5090ae0c9c3444925699061116e4b5d638872e5971736,2026-01-10T22:49:39.511401,db5f35bab4a6b72c71c4c4fb14beaf2f4d1404fe,b602510ed7e46f8e0cf42a7507e642840d7fb341,37.75956953,0.00150807,1336302,87867,contract_creation,success
93035c484d46ac64fcbde9c90af9d3447299306066c4deda97e004ddcc7a1da6,2025-12-30T18:35:39.511401,49f5ad60e051197080a02ba73f4bc520f57cd7b3,b7e7af1f4eea732f0d5d072e6f0ff5b3b2302d5a,39.13335147,0.00994095,1148302,88132,contract_call,success
140717839a06faaa69322ee26d1e1acc016ae1e34ed97e9ee80e73b4513298d4,2026-01-16T20:55:39.511401,17efd34b75e476b69cc5cf9f43bf67d54f713e23,1e67e4c0e3920dbc6481b3a8571a4a3b75a0906d,96.38740571,0.00999126,1498602,49218,transfer,success
2631d033ba2d2b9f0cb62ed5a6449db9e4db423ee16d1d5b5e3afcd893e55c17,2026-01-07T21:50:39.511401,e83f6351c3a7cdffc0155773eea39d1ad01108b3,5d4ae080959b5aff16753bbd8beaa7a252c6b093,91.66834646,0.00620642,1295283,83450,contract_creation,success
10111e6867df312408d3b898ed443cb66a10cebbe57bcc0ed2ed210b9b97caec,2025-12-28T17:26:39.511401,aef7c64708f71437c6dec3fb3b9c99fd4d2094b7,b076afb9598b197b5554ec62a726db9f75a589c6,4.24197897,0.00618377,1399679,90885,contract_creation,failed
3d9bbc14b4a5a4dd76d6b0a364afe14ce51ca8c33ad52939aed6a69450943c10,2025-12-31T00:11:39.511401,a3420012a596fa6d86ef717641b19bd260d02adc,1a1321809912b4732124ff1e1e4b79811f43511b,23.75852703,0.0083714,1074951,31784,contract_call,success
70d419099677d6abe5b0260fe2506f2070ef2da07ba51c139990f139150f92ef,2026-01-18T11:01:39.511401,92c93a41399668366866779db94273a17b3fdd0f,3e02b7933d715bd0a23e660fe2c7e691d2b62b10,20.88893384,0.00911174,1184841,39629,transfer,success
34443b500610a67f0613c4542458c2705022b964d828f3d915eb46f142acf463,2026-01-19T12:29:39.511401,8fc0aee7eff69c3434708013314a8de61a969126,2fdc6ea1f71266ab9515d94029a778a1ea964d53,56.17408703,0.00039045,1380794,21532,transfer,success
5280e2ad2938ed8a3685fc0349bf6508c4326d85ad2cb44039aa59548d90c604,2026-01-20T17:20:39.511401,de653acd01229031f45c919f983c32252b1aa1a7,b23bd39411c9ee4f6047b2c0407f06102095f903,83.34772082,0.00383025,1257026,55907,contract_creation,success
b4f41d037c795222bff9866b32bab9f602c9a79a631b98194707c6f3a3a7cf21,2026-01-09T22:04:39.511401,a1e24b97f16bff321f46b0e1bfc6050b899bb551,9a5d3714d2b6b052b82193ae41735eaec9a5e555,29.01891269,0.00922787,1038165,42930,contract_call,failed
c13dce4f9b93a5ec18237bf7987ffe6d6b6e62576aaef2ad630901a9cdd3015e,2026-01-08T21:30:39.511401,a5ca8c50eb8acda11b55bdff7736c769e2cd2fe0,de653acd01229031f45c919f983c32252b1aa1a7,81.9018667,0.00918608,1441699,38543,transfer,success
ae09b789f332156b9c82be3cc81ce3ac49fda82399c4dfafde8da78153450954,2025-12-30T05:18:39.511401,aef7c64708f71437c6dec3fb3b9c99fd4d2094b7,f356dbdbf3e5f00fc15f35171e6ab7554580d652,20.950489,0.00891688,1243458,32276,contract_call,success
656644a0b634385d0ea584ad8d581bd1a1042c84036f196cc311420060bffe8e,2026-01-17T07:30:39.511401,4487f0dd0dd1ba4a8fc71657e72de70b06fd3d3c,99edb4e5b1f41b09d11781d9ecaf35a6d5124e35,47.44640709,0.001159,1088931,67863,transfer,failed
02c95295d838d2343e533b4a4ee46262e74dceb8659141f7f72a8a41e2fdf488,2026-01-06T18:51:39.511401,4379c7c8a4a0127620b22db3286160d7f5788144,e83f6351c3a7cdffc0155773eea39d1ad01108b3,72.16688,0.00833964,1340539,68749,transfer,success
9bf9f47860bd1a17ddce254921b8fdc4467e5d1a6858fcbc1330d140fbbd34f3,2025-12-27T11:40:39.511401,bde4956a3f55b09b90538e4300d92259830276d0,61f90060f90bb647830d9d1f19ab48e30a704c21,61.58500726,0.00677589,1339196,32055,transfer,success
3037f453b76129afeeb9ff9dc2e974120a7b33197b64f6ca42d9f91b8e666cf5,2026-01-24T08:03:39.511401,a1e24b97f16bff321f46b0e1bfc6050b899bb551,11377339b145b44f6bf2bfc905b718d4df7606c8,72.52594582,0.00159217,1453656,94798,transfer,success
ba7001b9c9d998b48b6922e4592f30d339764dc5d01017ccf62391ae343323c7,2026-01-04T13:08:39.511401,4379c7c8a4a0127620b22db3286160d7f5788144,df81c4ec88f0e53d216b9a2e65b3ee8d14a1bd6c,14.80284211,0.00727741,1167518,78569,contract_creation,success
5af07269add25437745dba918574b92477152ea5bf009d4d806bf378292409dc,2026-01-04T13:48:39.511401,a5ca8c50eb8acda11b55bdff7736c769e2cd2fe0,24575bbc15ee3c65796c62e246b30e2694b7323d,54.08850611,0.00504116,1004738,21393,contract_call,success
b3d18e3c3a044285c65ea5b646b4e3d6339e333e03686c4ace32c0679ddbf651,2025-12-29T09:43:39.511401,17efd34b75e476b69cc5cf9f43bf67d54f713e23,8afb15d7d26da4ef63bde1eefbb8f2255bb9258c,94.53418878,0.00086635,1117435,52942,contract_creation,success
ba1357953b5dcb21a0a9b0148e6ed0b5427518a80a4d60fbc3c4dc8c14c8d321,2026-01-24T01:00:39.511401,db5f35bab4a6b72c71c4c4fb14beaf2f4d1404fe,1affb008b16bc487c4116f65e7d45b2ef19dffea,90.45518822,0.00615476,1278886,75556,transfer,success
36c57b77f852af4de3999d1bbddadb3163c17ef6823324c198927f99ad3d2d70,2026-01-23T00:54:39.511401,6291e59d207f2dc8ce8a17d714f669b8bce108e7,aef7c64708f71437c6dec3fb3b9c99fd4d2094b7,12.39760968,0.00690917,1352377,85485,transfer,success
6eb7cb09244540f0ca768c4ac3e2621145eadf19d8a0bd4461c53f3c0f09a64c,2025-12-27T02:26:39.511401,5a30db2cecddd32de34b2db262c9e2b8046581b6,8fc0aee7eff69c3434708013314a8de61a969126,24.32722091,0.00491151,1035101,52218,transfer,success
2811f5c8c939a67ca5aebcaaa16ef653a490ae1424459e757011ec093fddc9ac,2025-12-28T17:04:39.511401,5a30db2cecddd32de34b2db262c9e2b8046581b6,a5ca8c50eb8acda11b55bdff7736c769e2cd2fe0,21.17661873,0.00648391,1171259,48619,transfer,success
2d389e3aa0d6e216c38852e5c5c63f13fec05abdbdee4536ed5441830575b74f,2026-01-12T07:35:39.511401,7db7af90dcaf6f861a6df7ee71fd129a23ebcb36,642c7345397babfbba149fd4e8f7680154784deb,33.37579217,0.00991258,1474226,90897,contract_creation,success
4a16bf99c78ce961de11cd0fa85728dac00ef1acc0f37cbdfc471569b9b37819,2026-01-03T23:13:39.511401,496f2e782644d59dcff5a85266b128ff1d5c831e,95897de46c6e22799d92c586096736bbef5accea,26.03945253,0.00523049,1499096,44354,transfer,failed
3db04e674bd92960323ad6e55d8309d6f2c2c7b6af4dd38d2bf0fa0a7913bee0,2026-01-11T15:46:39.511401,527442721d2913755f3dff2822a95fdd59c8f1a1,4487f0dd0dd1ba4a8fc71657e72de70b06fd3d3c,76.23924477,0.00523183,1458626,49292,contract_call,success
b3493c8d9eec4dafe53dd39aa5e83971b9102f929b99b85cd3bffd72d7ba5126,2026-01-22T14:07:39.511401,8228298289a5adee258716c0e08bf8a2d7c29a7d,889c73776465eabc59bc5926afc25fdc04d6fb20,48.9659481,0.0079566,1022786,89077,contract_call,success
f73b7fe42cd2486d727299355eba8b82afea3bc0150382e52d75dccdf4ea611c,2026-01-09T02:17:39.511401,2d1598ece3c951ccce3819bf2179639d31737d60,394ac223cf8c6932e35b0fff2cab2955adf6b4b9,98.67537799,0.00458381,1444540,89713,contract_call,success
3d7486f43a9096eea69da28aca42197de5866fd2f256f2b50b6da56439996a40,2026-01-11T12:40:39.511401,ae652c784d2ffff9e1f971d68945da4fa21c8d73,bce711770f6faf3f3b5d95a18687e64076ad5f0b,87.12574308,0.00693857,1186803,27189,transfer,success
3798a73b65bf12fb6f391e28b9353df61128843f9d8abc4651df024fab9f15ba,2026-01-05T09:49:39.511401,ae9c8d1a6877e7a06dbc55839717b59cb61d6714,b602510ed7e46f8e0cf42a7507e642840d7fb341,91.95387499,0.00734671,1058101,90274,transfer,success
9e6e5c84dd77bc1bb2b87e11d0fc45956ae5cd088ec7f29e4f0daba2db53d16f,2026-01-02T06:15:39.511401,a3420012a596fa6d86ef717641b19bd260d02adc,5e2d699ebb719522d173bb264d3fc8ca9c01aa37,60.80492758,0.00470727,1089764,36699,contract_call,failed
4361d9d67fd396e7dfce404ec0d49ec94bab369622f5ecf616f4630cc75baed1,2026-01-20T07:04:39.511401,524cec3b666c037a6bddfe2b6e5ea1444a4ad287,afb91baa7e62aef60874b6dd1cccfcc46c71e118,22.73227211,0.00489438,1045396,22391,contract_creation,success
6bd9c9e4397001112346f107c5936cb4a02fdd6ff672dc9d847c8935b20b133f,2026-01-13T00:24:39.511401,1bc2e9e70deffa62a3a205745a234acd9a8862e2,eeeb5f5d21c99608d4c9cddae31c499d52e2cead,8.29106661,0.00975929,1386109,80334,contract_creation,success
060a21ea681a65b8321de7d63114d0a7bcfffb5c4a5bad2baae19052afe87333,2025-12-27T12:51:39.511401,85c2853c06c025a839c46e1d0d23853b0a52b175,18c87725e5abbda534e0fb34992b9dd5880c5b3c,52.22067126,0.00480353,1093815,27780,contract_creation,success
d39b93b8f653ccdffa7083b35237fc595092f4712479bde84fdb4d365b842866,2025-12-30T00:48:39.511401,3e02b7933d715bd0a23e660fe2c7e691d2b62b10,709f77db8780891c6937796bb6fb722cabca37ad,56.17205771,0.00823206,1191560,80258,contract_creation,success
55fdf48fc4f10c175fd386584f460633ee7bc89039b6c0362316d21216fec4ed,2026-01-03T16:50:39.511401,5ebc582acd1c8872f31ce8a20a452360294f9786,564deb889b11c8759aeb27e1e21fa466e23b47ca,92.14222463,0.00804774,1169730,42809,contract_call,success
9fed3e09f3f6a8c55dcf5e6c24f5613bdecd7b6991617efb39f7d0a263463a62,2026-01-12T07:30:39.511401,b602510ed7e46f8e0cf42a7507e642840d7fb341,baf5c9f28ce8706771fe52be468642819e52addb,53.81329237,0.00652538,1328283,38299,transfer,success
8c6188535eb0e104ce96261e71629e3ff54bc1dd063e781bf59c842ee525eba5,2025-12-28T12:45:39.511401,8b657963469153c8784445df2ebf67b17739af28,fd5a20eb3531e597585954475e8597bbe88e5b9f,57.58991428,0.00717899,1359741,88077,contract_call,success
fe7de1b399d4b143c255d0e1d859077ea71e1335280a2e8936954027056638c4,2026-01-24T07:00:39.511401,a3420012a596fa6d86ef717641b19bd260d02adc,68e36cdd2565dadeced6f593d8714df844530601,9.77947413,0.00833062,1170417,71458,contract_creation,failed
fb0b5f39d948530e48154b36778daebe8fe34a3221b2075b45df71dddee28286,2026-01-19T02:59:39.511401,b83945ea1caa91a107147047a2c49ed2a78024b2,d6cf975f6cb8faabe9bdca0cff86f9852be48d6f,68.02597256,0.00824412,1348447,44023,contract_creation,success
03651596576569e49728257c8e9ced58ad2df617167e969d66e069d0b6d4b31b,2026-01-10T21:32:39.511401,45369613be549b1af81fdde504fe127b0bef1378,e7aefa40fd33f17deda38f184cf9e04b4203e38d,87.05058278,0.00105395,1260435,42820,contract_creation,failed
d837e42f8b8e680b3e9d49611874304c8c5939eef33636fa3c1669d9c659133d,2026-01-21T09:42:39.511401,d8f6eda5fda2e11cb37f896e0193ac04e1b6362e,69df9d9d65bb88e5bce48f0a4e5820d26c084849,72.68370317,0.00263629,1403080,91108,transfer,failed
cdd6caf5cc04445c71efe8fd7a708db95595ba1c63e3e28631d4cb76dfa2d240,2026-01-13T01:27:39.511401,43ac3edb0c9b6a97d1dc7e543958ea11093acb96,76ce1762918bfe2c5c2358c1a69ac291eb257958,10.63284493,0.00063968,1060035,32807,contract_call,success
aca540dc3d9a063cdd874da9503ceb5c080bc9539a05d1df6258876b5aeed0d2,2026-01-08T10:52:39.511401,8e7911259e474ae7d25933cce4a8ca22ed123b31,9e619719b21069076caebf3fae5631ded8cf7b9e,69.72445329,0.00553942,1319413,32165,contract_creation,success
226f9fc91be51d388d92cbcbbe85818543cda2b7ccdb59ce4efa44b688ea3924,2026-01-21T09:45:39.511401,16581c5fb4c1f622b8a3812b5e0e694cf51c4543,171f0a21047ab7dabffeafad4b26c9781730178e,42.48171851,0.00187112,1185935,79814,contract_call,success
17f57018d1450a26d694e659f5c03cfcc8cc5f20b93f99312e97b3a07bd7676e,2026-01-16T02:21:39.511401,18c87725e5abbda534e0fb34992b9dd5880c5b3c,c76ce849452cee9e9e0d0fbd5b214f2dd225b4f8,5.95337822,0.00980287,1204145,59114,contract_call,failed
c17455600ce59b96deb5b8453d176f82ea0df244460684aa11c7f53fd56aaa27,2026-01-23T02:56:39.511401,76ce1762918bfe2c5c2358c1a69ac291eb257958,8590027e39ea65eee8acc6d730718cbe2cb226d6,51.67260983,0.0042813,1305849,61358,contract_call,success
ce1f8fc487000402f2a93a869600987fa498fc4649a1a52866022ec043285b5d,2025-12-30T06:47:39.511401,8228298289a5adee258716c0e08bf8a2d7c29a7d,26e48918ba98f317c132e2e46877e0327e842fcc,12.07374241,0.00374191,1407001,45907,transfer,failed
03a77390e8611a302f29b040c18561a600a1ca16d0114a79def6bbf8bbaeb222,2026-01-14T12:24:39.511401,ff329d6d494f21fe38af3962fdd5e93846fca1f4,e60e385d2aced64061da68030918fd35215f8799,21.10447525,0.00291938,1317592,99891,contract_creation,success
5190f248483f12ed5e05c54d7e96e9a6359b39d252aebc39da32ecc7143b8202,2025-12-27T01:48:39.511401,2636e46aac83292fb3d7ff1c0949a0d60387a45e,55826cb88dcbb2e94766392a12ccfc11a86f314f,77.16562713,0.00687985,1081440,96355,transfer,success
ba437c97d1637d4fac5cc01c30cb8ec9067503a0c6cb6818ee06ac719e4a380d,2025-12-29T05:45:39.511401,915644c0f633be47284192536b918dd7c0bd4dd1,baf5c9f28ce8706771fe52be468642819e52addb,86.09377775,0.00849346,1187379,61308,transfer,success
193a15628b6ff2a0ca720b5b1525fd8d919e8bac18a9f79c99f7e3a39b413527,2026-01-05T08:59:39.511401,1bc2e9e70deffa62a3a205745a234acd9a8862e2,7fcfc8df0fcb337a118bcb3e7b4ace1c71179a8c,32.08719945,0.00310711,1137997,35049,contract_call,failed
efc90e286c19f5e2034a1e664f7e09b5172e747adea907568a05074cbd23c215,2026-01-14T06:06:39.511401,be5be911450db327b549a3348410ca95ac10723c,193855b4a88021e8e55dc5c3714b5c8f2b45961f,19.60951339,0.00295138,1348805,73162,contract_call,success
626d753a9ea17bcfd2c5afb5f29828ee67f40bb029b20008859cd95f96807cad,2026-01-23T07:22:39.511401,92c93a41399668366866779db94273a17b3fdd0f,8e7911259e474ae7d25933cce4a8ca22ed123b31,6.65814704,0.00435136,1094105,28362,transfer,failed
96fcd2ff356abb601b83db61661e4426a88d47cd07a74165f36b754eb0844eae,2026-01-05T01:16:39.511401,fa9669296f345d5414ff7127c9ecdacc9e4eccdc,1a1321809912b4732124ff1e1e4b79811f43511b,28.89662018,0.00819942,1428364,91453,contract_call,success
66adff12b064aea5bf1583619bc43f3762fb18dd501af4d947d04494ed2f32f2,2026-01-08T07:27:39.511401,f63812aecc934ff02830f1a5083aea49cef946ec,5ebc582acd1c8872f31ce8a20a452360294f9786,8.44611386,0.00746874,1482470,83969,contract_call,success
241e13d03862528ddf17e0b6c87490fade276fc34a37363228a34086a44999df,2026-01-06T17:39:39.511401,6e355e44c90e0743e230b996fbcc18c8c0f0e579,10e3a3d7f33bd50dd65794e7365cd619925304d2,27.37602602,0.00892372,1371656,28921,contract_call,success
b2e4d4b008ebbfa3a8e8749edd783afdf86c6df56e9a4b257ac684cb024bae94,2026-01-05T13:19:39.511401,c77a68817983732b183c33e33c15f6fa9bbeb710,68e36cdd2565dadeced6f593d8714df844530601,15.66785157,0.00523582,1015986,75461,contract_creation,success
ac585a1d212c134be265d34d8186e1943180a27e726f624d3339f255b687d2f7,2025-12-30T01:11:39.511401,43097c075c482bf54e66365e56031dd32c164a68,9bb2091fb3b6ae32a080908973168c2a5e57b171,81.72735661,0.0076309,1481738,85194,transfer,success
4e0dccac662eb6d46f013e95ac327a11630119acef04c72329ee3fd669269cfb,2026-01-03T00:07:39.511401,01a87c50928c2a3af2793b161719b4c4f12c4773,43097c075c482bf54e66365e56031dd32c164a68,13.83113623,0.0020622,1253255,67625,contract_call,failed
95e3c8406580b03bf6fe329c358cfe400d0997dd65e09b1c2c544105180922e2,2026-01-07T08:04:39.511401,fd5a20eb3531e597585954475e8597bbe88e5b9f,d5ea37a8c94b591caed69d439681029559e9ac7a,61.72859155,0.00151177,1190596,77670,contract_call,success
faab7eb891fe3800597b1d7f003d68716238359d21ee0a6cf26c35ede12c1e3b,2026-01-05T16:44:39.511401,c77a68817983732b183c33e33c15f6fa9bbeb710,303cf90702d607f65af32eba218554e93df03547,18.5737453,0.00192372,1372751,25226,transfer,failed
4029d725e1fe03f1f57a878df2ab939ba18a8ab60b03657269e5d10aa5d89892,2025-12-30T07:19:39.511401,8509a3601fb3cc7b3a609efbddca6064e4252828,b1007b54bfbfe0f03ceffd3283b7e8317bbda677,59.67151396,0.00398999,1191859,76156,contract_call,failed
83d29fa361e2711222b66529adae7779304086da173591ba77d0b1a6b7a07429,2026-01-13T01:14:39.511401,a5ca8c50eb8acda11b55bdff7736c769e2cd2fe0,4c0b09bb3c21060f293265138c355f3c7099be90,87.97645005,0.00742748,1250230,58645,transfer,success
26a53791debcf378c8b8858d67bc939f371b5b869f27c2b1e2545474a4415159,2025-12-26T10:07:39.511401,58a2bf18f819ab1fa1bb1291d03c31e7e67cb6e5,b1007b54bfbfe0f03ceffd3283b7e8317bbda677,24.53817893,0.00745293,1278530,72188,contract_call,failed
7c1ae174fe29b5d9a27f7c4040dae31658431238a7645f665c281c4766280bce,2026-01-23T23:44:39.511401,7c4eb476998eee90face337e3d212a5e095cbc4a,0e36c3de974f513726c087eaa9764e1bacd434a8,3.36317888,0.00996737,1164158,96944,contract_call,success
aed039a5e1be4517eb58fbbb1b351249d7ccf7a7a639fdcf654db59b28d0a8f8,2026-01-23T01:23:39.511401,83337b2889c2225d23fb6f3272fa30f69a06fd46,99edb4e5b1f41b09d11781d9ecaf35a6d5124e35,30.97108914,0.00124393,1296687,29234,contract_call,failed
e758451375e6ec6694c559285928f708ae6c67698048a9d5588cb32ef38589fc,2026-01-08T04:41:39.511401,6a749b9d70303f71f0bbf15769eb15021faa1bda,6291e59d207f2dc8ce8a17d714f669b8bce108e7,18.43248691,0.0021362,1491065,41093,contract_creation,failed
90701037c881c17a0b46a3de1a5a49606d4fffba3cdcf3b6ae6dc950ce961c6b,2025-12-31T05:47:39.511401,9d36844912594b411912f9d19a8ffceb703f6767,11377339b145b44f6bf2bfc905b718d4df7606c8,6.38912038,0.00721144,1287399,42578,contract_creation,failed
8d56e1758dab4e655b7ddbef35e6213e9efc9527dbe5720e2e2d634256802d41,2026-01-17T03:48:39.511401,539fc162a71d6ee9cad032d1af8afc20b2a3c50b,be5be911450db327b549a3348410ca95ac10723c,4.68719543,0.00657281,1170916,94496,contract_call,failed
181295d35b9699cd7b7ad8a75d181ad0ad99971b10e17863d37584dfcbd70b50,2026-01-22T20:52:39.511401,495a1cf8d6485881dbc1cb19cdb2c5060d11fade,b1007b54bfbfe0f03ceffd3283b7e8317bbda677,38.1512494,0.00039742,1465221,93841,transfer,success
56456d4f6ac31236cc53d434041c4a84bed4882ad02b10f993000f535eb2a1a4,2026-01-11T09:12:39.511401,c707182920ed11cbf257423ae8b78d48af86e48d,f42061e807b5d3bd491a3106d6c3ae4c63b728bc,75.23221818,0.00699872,1073459,64124,transfer,success
b4efba0c7fcf24f1dc18838a26a0b5b50e6f3ed4e5a7f4d8b323e005bdcfb095,2026-01-06T17:58:39.511401,1bc2e9e70deffa62a3a205745a234acd9a8862e2,b6753c52d0583464076fd1fbbbc84f3fa3f94d51,7.89474195,0.00559438,1341016,51822,contract_call,success
a6e2592b5e7d603ac27a57dbbbb3cbe0d46e83fc237f1e77de061a0655c51ccd,2026-01-19T03:03:39.511401,83337b2889c2225d23fb6f3272fa30f69a06fd46,1bc2e9e70deffa62a3a205745a234acd9a8862e2,15.05486487,0.00493163,1329108,46487,contract_creation,failed
2dba443069096a8f0c0000ba3b6690b2cca19ee0cf5e05a9456376d4fd843d45,2026-01-10T05:35:39.511401,1affb008b16bc487c4116f65e7d45b2ef19dffea,ffe1a779f30d7bea486bf8039a92e1d5f9b75821,65.90254327,0.00689413,1377858,57264,contract_call,success
ed70f7b8cb22c93fb5306cb215bad563cfa9fcdb5d516e09467a7b98a6b1d2dc,2025-12-28T04:47:39.511401,772bc343eb66d2e11b8b8fab32d09d79496a3d56,9b1d130662cf61c8bf3a4812f0fa05a2d3c81bbc,77.0295603,0.00334704,1467198,38010,contract_creation,success
273415690eb91190762570256cde610a3c436761b37c9d92235c265f10a82067,2026-01-18T18:23:39.511401,304cc66140ce3bbc28257b4e8e881b04ac1a47f4,10e3a3d7f33bd50dd65794e7365cd619925304d2,48.22619255,0.00407912,1263366,31296,contract_creation,success
50c70b938851efa38907a6d077f49786505a8785ef034ab519006f60cc30a04e,2025-12-28T00:27:39.511401,7359806d3607465fbdd901336e347dd218827e85,5c90f8749d5bad1481f1df09b857e79a6366c13a,96.75823037,0.00604164,1194463,58434,contract_call,success
b5f61259527b206c9bab492306c20ce9519dceb0707e5b82fbfafe0cffa39246,2026-01-23T01:29:39.511401,6e355e44c90e0743e230b996fbcc18c8c0f0e579,5c90f8749d5bad1481f1df09b857e79a6366c13a,86.52582288,0.00257587,1186912,26867,transfer,success
afdb77798e14059e448164e4e68356ba7fe7474f57a8c17491cb2b6230e14895,2026-01-24T00:14:39.511401,b7f1f0402dce5bd5c4167bb12f5ac4f74a076c5e,8757f9779d4f4437e3bb81f3fda692cc402ea869,73.55012781,0.00537053,1224107,30084,contract_creation,success
66c80d03b2dcd14ff47ca81c935711bc66133aa4e75edf7c669eeb58b8aeb7e6,2025-12-28T01:07:39.511401,ca3579db5fee595c55c5ebbbeb90fcdb6d392add,01a87c50928c2a3af2793b161719b4c4f12c4773,35.18893026,0.00172479,1000388,63442,contract_creation,success
ed14420d91a22305c0863846a871cf91a266521c0859ccc2b34b4ba88001d5b0,2026-01-24T11:27:39.511401,dde65ed01c232c8c9a067af9cb0c02473a3b2f6c,1e67e4c0e3920dbc6481b3a8571a4a3b75a0906d,6.33849759,0.00059116,1471545,56848,contract_creation,success
72056abf56300456809055ac1b5a6b3715bd09d24a6b8c0526077bb88c34a374,2026-01-04T15:36:39.511401,363b496fc6bc8853aa8c43f8fb97cc3c855712e7,8afb15d7d26da4ef63bde1eefbb8f2255bb9258c,36.82762339,0.00169583,1402218,48454,contract_creation,failed
66c9fa8a07b6070e06a440e6fbef98c80a1ca7fb68fc3b9a3826db75df612b45,2025-12-26T14:10:39.511401,b23bd39411c9ee4f6047b2c0407f06102095f903,1eed843ca927e450966ee8fceff968ef074e5aff,58.3780979,0.00286968,1117758,65645,contract_creation,success
17c250b4fd450da068f7b17fabb2324b1216d3381bb6e3889cf41618b2b6a6b9,2026-01-16T05:56:39.511401,8509a3601fb3cc7b3a609efbddca6064e4252828,40f1a9b32fe56231e3e8eb4169d45f5cf9892639,99.93540564,0.00184062,1297664,78853,transfer,success
43eb4299783dd684d4727ec657ac2a9346d75cd4ad7ab611d9769cc4b571259b,2025-12-28T10:01:39.511401,cd3f762567b5ec90e9e86dc399f3c419af96a61c,08c9911c7ff77c9dbf3940572b60f143be0ca13d,46.23557598,0.00277656,1106981,34957,contract_call,failed
571f3e27b67c3e97ba87cfb9d71c6d2f7dafff7d737b6fbd22bc6d9a84bdd45f,2026-01-02T16:03:39.511401,de653acd01229031f45c919f983c32252b1aa1a7,ae9c8d1a6877e7a06dbc55839717b59cb61d6714,32.29702353,0.00323867,1183608,26294,contract_call,success
0e44f24ccaab5eedcf5cf06f4b45776b8c62c269c716b6162f613d534fa0ea96,2026-01-10T15:16:39.511401,1bc2e9e70deffa62a3a205745a234acd9a8862e2,709f77db8780891c6937796bb6fb722cabca37ad,0.71003943,0.00236536,1457525,54458,contract_creation,success
71331781c68d342ccfe367fbbe186218bc86fc52a0bb2261a48890f731456d35,2025-12-26T23:31:39.511401,b7f1f0402dce5bd5c4167bb12f5ac4f74a076c5e,f387a3faa5c6e9cc491c4974366942be5f44df71,53.59013198,0.00632452,1313407,30502,transfer,success
4319cf10d7315b4a8ba8329efd5f9c560f7ca51fe1efc12e9ed098e9b740e1d4,2026-01-09T03:00:39.511401,d5ea37a8c94b591caed69d439681029559e9ac7a,2d3042202ff4ad89b99996a782d7facae6693c0a,95.2157285,0.00710414,1093319,81421,contract_call,failed
d29060b954c62ca61a9a58053e08016c6872ab80ca12b36f42f476a2ff486567,2026-01-10T11:06:39.511401,1bc2e9e70deffa62a3a205745a234acd9a8862e2,539fc162a71d6ee9cad032d1af8afc20b2a3c50b,32.63998798,0.0068386,1061492,68724,transfer,success
180fa0b9e0a35e08e60a02d8fdb29d0a9dbb96b2c79355fe7bd76f779ec77d85,2026-01-16T12:55:39.511401,58a2bf18f819ab1fa1bb1291d03c31e7e67cb6e5,5a30db2cecddd32de34b2db262c9e2b8046581b6,30.17085532,0.00656036,1180840,54262,contract_creation,success
fe38e1498e3f187c6fad2b9da2f59ca3186dd4779d96723cc7c576785c35b06e,2026-01-13T13:47:39.511401,b602510ed7e46f8e0cf42a7507e642840d7fb341,5d4ae080959b5aff16753bbd8beaa7a252c6b093,19.26562977,0.00386462,1296339,72986,contract_call,success
27cfd4592fc4a79f628d2f53fecfb2fa7002d0807c917d021d28d82fe2e5e005,2026-01-10T11:40:39.511401,352d39e9272c01fdd64f50c80242213db530d595,a3420012a596fa6d86ef717641b19bd260d02adc,43.85933089,0.00974702,1052893,98707,transfer,failed
d6218f6dde09d4192cc211b6740d9f6395c3e10bea0d4b86cb633d0a9a0a12af,2026-01-05T15:23:39.511401,5c90f8749d5bad1481f1df09b857e79a6366c13a,f356dbdbf3e5f00fc15f35171e6ab7554580d652,25.87833904,0.00809237,1053896,58328,transfer,success
633407c6eb43dbcf8599281f99a001a1f4174ae40ae84a55a6bb4425e36b0f12,2026-01-11T18:39:39.511401,1eed843ca927e450966ee8fceff968ef074e5aff,2d8347599932c8665f5c06484039ba859e0b8921,78.5898992,0.0012809,1326473,49984,contract_call,failed
878123a7ef232d69fb3879b473d656ed85ca08485df009b9643db53585f9cd6c,2026-01-23T23:51:39.511401,55826cb88dcbb2e94766392a12ccfc11a86f314f,1e67e4c0e3920dbc6481b3a8571a4a3b75a0906d,85.02719278,0.00169878,1239060,27372,transfer,success
c167827376576641aed72870e58161afb8e4e55a7f9c77f081c087af8553136c,2026-01-02T17:52:39.511401,6e355e44c90e0743e230b996fbcc18c8c0f0e579,3e2f4a9b09aa12f89265456484fb9fd74ed9905e,14.09314786,0.00968174,1409264,73524,contract_creation,success
25a0bc4480b24d96bd522eb994108a3e1aa7c5bfbeb83deeed220f514562c702,2026-01-13T04:27:39.511401,99edb4e5b1f41b09d11781d9ecaf35a6d5124e35,25abd9fabf54df7f55ef1d4e8b0a08964aa40f1f,33.81103121,0.00585443,1030578,69804,contract_call,success
f75ed8e7124966da22c4bb1f583010cfa69b06962a80492a62330a0141e5d8c0,2026-01-21T21:30:39.511401,728e13ef0861327b18e89e114c9c7db433fe65f8,10e3a3d7f33bd50dd65794e7365cd619925304d2,61.31530479,0.00790329,1187375,62939,contract_creation,success
cb6b56c741d20a23eb5163b5cebbfea6e52843a16ddbc6c47bde8c36a3e77026,2026-01-01T17:03:39.511401,ab5bb17e6b58fb97d83b89115a6ee695794e9637,cf1e5b42c037186e69ccf2b6bc9f73cd145a7a14,79.43400375,0.00516581,1045706,68856,transfer,success
5dfef1616b320bc2777e52bf7204cdffd7526cd3e116c3739308b0ce02ac6b0b,2026-01-23T18:55:39.511401,1e67e4c0e3920dbc6481b3a8571a4a3b75a0906d,4934858c22790e2b9a2210f9e9ce27ea6774a2d4,29.51930164,0.00063348,1357856,63016,transfer,success
5631e101541d62bb33c652368426fb4a5cf80e5f379fb00e8eed0e897cd7a0e2,2026-01-22T15:37:39.511401,35371a0643f6571ce5874b7796842b06f1a556d5,9f38b252d122e220ae8277b53aa3e68cec36f42e,3.96696399,0.00152776,1388038,87757,contract_creation,success
17fa707e28942860677ff5a660399fa16c9e707a4fe339fd09d5cafa767b184b,2026-01-11T22:01:39.511401,a3420012a596fa6d86ef717641b19bd260d02adc,12d1b07854ab663f5d0983924077789f059a2f60,84.01671154,0.0042567,1350993,40021,contract_creation,failed
467760761bc4faa860cc76c6524e9d1abf35d5e4af7a86e635d37fa4ff9ed4ec,2026-01-12T09:47:39.511401,17efd34b75e476b69cc5cf9f43bf67d54f713e23,17efd34b75e476b69cc5cf9f43bf67d54f713e23,97.41621248,0.00094242,1442940,60287,contract_call,failed
0f84ffe4fc5ec17c190654a1869e791c572b9c1af0a3778af65d50b54d8f1283,2025-12-29T03:10:39.511401,915644c0f633be47284192536b918dd7c0bd4dd1,c77a68817983732b183c33e33c15f6fa9bbeb710,80.37700086,0.00792339,1278977,93521,contract_creation,failed
fb317d6673fa3dd24f66492dfa8bb545e7792157005b5a3fce2bbee911c8c17b,2026-01-13T00:32:39.511401,1e67e4c0e3920dbc6481b3a8571a4a3b75a0906d,bba76d3b5e5f719217869269c0b1c8f17e06e197,26.75649866,0.00815534,1402938,32085,transfer,success
913308655adce8ab135647cfdcf4c583c57463d49070b78f8b368ffbfd8bb89c,2026-01-10T02:05:39.511401,3e02b7933d715bd0a23e660fe2c7e691d2b62b10,709f77db8780891c6937796bb6fb722cabca37ad,18.93431162,0.0002836,1287747,63221,contract_creation,failed
da0270df6bd204a6e6dda30be9d6f3fbc3b7020f15cdd68b501205a0355bded4,2025-12-31T13:37:39.511401,de653acd01229031f45c919f983c32252b1aa1a7,1979631e8ecb7019fd124f8a894e730818f3f023,23.26348352,0.00829251,1264941,52505,contract_creation,success
5280a70eaceec74e2f0775470572bb51dde50d887ea425c4cb369f5d7535a74c,2026-01-15T11:13:39.511401,c77a68817983732b183c33e33c15f6fa9bbeb710,8590027e39ea65eee8acc6d730718cbe2cb226d6,67.83198485,0.00718922,1087004,74142,contract_call,failed
b18b41ba1a3d6b7c282c72b4127021848a88cf39f36b8eec5e165b00b0c9528a,2026-01-01T23:00:39.511401,ca3579db5fee595c55c5ebbbeb90fcdb6d392add,f45d1f46d0df8d505b7b15c8db9673cae8ae71a6,3.06890618,0.00519184,1034493,66494,transfer,success
ece6e14ffceff6859d7982c02db29768e43d59eb4c4e0c4a86240cd03e4dc8f7,2025-12-27T14:24:39.511401,3e2f4a9b09aa12f89265456484fb9fd74ed9905e,bba76d3b5e5f719217869269c0b1c8f17e06e197,36.09722301,0.00628647,1441941,74683,transfer,success
18ce9512fc49e3594166991e2ab08ca6a5858e83f1905d5739b565f3d05478dc,2025-12-27T05:03:39.511401,b6af7e9299d3e32cf9265cfbcb3359f659ce2ea0,1eed843ca927e450966ee8fceff968ef074e5aff,59.03232116,0.00801934,1416103,65101,contract_call,success
40cb174f452ca43ec0aea5f7af5b08e529e6ddb0c25acd7e7e623d4c111ada6d,2026-01-08T22:23:39.511401,889c73776465eabc59bc5926afc25fdc04d6fb20,8f8e1e0ec0bb4575876b1001330c6f207f21538a,38.38253857,0.00701461,1097448,46423,contract_call,success
d92b024bb504492ad00f7add99b406d937b53ade7f29197f094153ce89a9c46a,2026-01-20T12:01:39.511401,7aaff5b9b7363407677a95fd27ab4e91f7a0fa26,b7e7af1f4eea732f0d5d072e6f0ff5b3b2302d5a,19.49192124,0.0012183,1231309,85179,contract_creation,success
bd0a92c217b7afc14e04b9b630caeddf4b9af718c5ff376a86e34218a040f77a,2026-01-14T03:52:39.511401,45369613be549b1af81fdde504fe127b0bef1378,43097c075c482bf54e66365e56031dd32c164a68,61.26748797,0.00224244,1345746,49966,contract_creation,success
82b97e648d345ceadc537e250a05d7a8109a0475d9b9da8d4af1f23607f622d1,2026-01-20T17:56:39.511401,889c73776465eabc59bc5926afc25fdc04d6fb20,fede3b77d75623c0c97bd08794a83908296d836d,99.83429175,0.00513048,1477767,39448,contract_creation,success
16f4a81273d7f35267cae0b84018ba094cdac84c7afe3fc22b18297e8908ae7c,2025-12-31T08:48:39.511401,11377339b145b44f6bf2bfc905b718d4df7606c8,b1007b54bfbfe0f03ceffd3283b7e8317bbda677,14.70766532,0.00115977,1395284,64197,contract_creation,failed
13b84a7baba16ffea3033656f71c9d2456edef028e255c8c5bba11784378e855,2026-01-21T10:10:39.511401,8e7911259e474ae7d25933cce4a8ca22ed123b31,1f77fd96b96aae74f19201934098a6468df89999,59.99139752,0.00628664,1228645,60660,transfer,failed
4c8ac313352642015ac19f07e721ae69da7b53d67b9b010557241d186343e23a,2026-01-23T09:10:39.511401,709f77db8780891c6937796bb6fb722cabca37ad,ca3579db5fee595c55c5ebbbeb90fcdb6d392add,66.93973244,0.00025527,1281533,42854,contract_creation,success
3459ce24aeea2e49e4a7532f0d1719b74a934d48ce1a42e5e4af7608fcfbacbc,2026-01-20T05:18:39.511401,29534eb48c4aa2b34bff5c8a0b31444054ecd6ea,9bb2091fb3b6ae32a080908973168c2a5e57b171,22.84733494,0.00721972,1167048,42575,contract_call,success
39167f8c183cd4728b5a35ea5336f7677e95776adb90e33cbb306355b3eade41,2026-01-23T20:00:39.511401,4681d64ab774c1782af962623b3aa93222885280,b602510ed7e46f8e0cf42a7507e642840d7fb341,67.06348575,0.0065291,1282645,56905,contract_call,success
858e4d8f8be46021df50d2f7128583c10b48b54e1a4add1dbef2b61130b2a68d,2026-01-02T13:51:39.511401,0e36c3de974f513726c087eaa9764e1bacd434a8,c707182920ed11cbf257423ae8b78d48af86e48d,13.90329914,0.00401388,1043617,53484,transfer,failed
82ef95f4144e93febbcf1883c37fbc6c05725f729f30863bec931d55c1b7bd59,2026-01-11T10:29:39.511401,c2ee024df625fa7c70f42745f31a382b14cbe2f7,7db7af90dcaf6f861a6df7ee71fd129a23ebcb36,13.64472749,0.00334499,1144441,45179,transfer,success
e7b819925168e5bcd1ef24291d660eb498d701b48add2d88e42c088d2ffe4ef4,2026-01-01T08:35:39.511401,d8f6eda5fda2e11cb37f896e0193ac04e1b6362e,3e2f4a9b09aa12f89265456484fb9fd74ed9905e,43.54024257,0.00267862,1118875,84879,contract_call,success
68285474031bf2fd4058252b913ce4d27273dbbac0e7eed46f3a3d8eefe0d66f,2026-01-06T15:18:39.511401,e7aefa40fd33f17deda38f184cf9e04b4203e38d,83337b2889c2225d23fb6f3272fa30f69a06fd46,78.32069904,0.00668553,1067169,36970,contract_call,success
3d462e51588e5d8e4f096360f6d56cfccd68f1f49117dd70b802f7d3a672cc10,2025-12-27T00:07:39.511401,10e3a3d7f33bd50dd65794e7365cd619925304d2,c9127c673a1b24e05c2e647b3784b0009a3b503b,19.02543363,0.0068832,1181832,58323,contract_call,failed
fe4473eb1a8525af2d88e9720943b4e514c63cd764026110b3a1f44fd610d009,2026-01-07T01:47:39.511401,4681d64ab774c1782af962623b3aa93222885280,fda7db8b42faf13a2c3930a63d38ce755f778208,79.87001884,0.00855753,1022737,86765,transfer,success
ea1a074ff3d54939d3ab71593b250995e997e8cb0e11b279da8641574c7fba38,2026-01-04T15:29:39.511401,bba76d3b5e5f719217869269c0b1c8f17e06e197,772bc343eb66d2e11b8b8fab32d09d79496a3d56,13.80385329,0.0007605,1007419,27358,contract_call,success
c4d37b2bf24060f1471902b758a85fe46071cabf9f80ec155fd41330c5105296,2026-01-04T14:28:39.511401,83337b2889c2225d23fb6f3272fa30f69a06fd46,a1e24b97f16bff321f46b0e1bfc6050b899bb551,2.92457751,0.00859701,1461808,22208,contract_creation,failed
48f3facde078f095324a00c1e27f9c34052a4aa50406c02e7166b4269cb1cfef,2026-01-13T00:52:39.511401,b6af7e9299d3e32cf9265cfbcb3359f659ce2ea0,fda7db8b42faf13a2c3930a63d38ce755f778208,40.69609221,0.00749427,1437248,65561,transfer,success
25399a75f65460a5d32e6f9b72397313981e54328d85445749f404901cfe6b84,2026-01-23T02:59:39.511401,eef04c7f11bf702d9b324a2f7831094db6c7c0d0,a1e24b97f16bff321f46b0e1bfc6050b899bb551,70.85725258,0.00289366,1142639,73928,contract_call,success
94e866daa549af6aec5e44edf80d6afafe940ec868b29b78c9aff3cb6969c7dd,2025-12-28T05:39:39.511401,7c4eb476998eee90face337e3d212a5e095cbc4a,f63812aecc934ff02830f1a5083aea49cef946ec,62.35186784,0.00931809,1472807,42277,contract_creation,failed
2070dfc087a9bc66e45c64a194e5249c57214b20fb99e4aa995da4517e854335,2026-01-05T08:44:39.511401,193855b4a88021e8e55dc5c3714b5c8f2b45961f,d6cf975f6cb8faabe9bdca0cff86f9852be48d6f,54.3736607,0.00799257,1187067,81665,transfer,success
95ae072cd249d697923c98185172dd04561563d03b157a83def786c61f6027ae,2026-01-01T23:38:39.511401,004626544ef5a0b41c0c0efc9ef1cee9f3c09aa3,d8f6eda5fda2e11cb37f896e0193ac04e1b6362e,64.0868279,0.00609314,1018322,22026,contract_call,success
3834abc5b49a7878eef4fba9e7cd27937942f77f685597cc515a8f8e4964734b,2026-01-12T02:20:39.511401,f356dbdbf3e5f00fc15f35171e6ab7554580d652,a5803e3050ac829baef8e3686936033747e677ac,91.67635119,0.00209509,1100984,61933,transfer,success
e5d339a11aef03b2670d5ae2583dcc2f2f87dee39980801dcc12fdb0ede51175,2026-01-22T11:30:39.511401,c317b4efecc8016926df00df238a82e007a3af11,46b4051e054bf23e07e379ed0c74b26fbaf7a37f,63.37277404,0.00460382,1300516,54906,transfer,success
f4699b092fbc8d16f652e7441d7a863c6e9bdf3f793423d9766663535aad58a0,2026-01-09T03:21:39.511401,1affb008b16bc487c4116f65e7d45b2ef19dffea,4379c7c8a4a0127620b22db3286160d7f5788144,49.43430454,0.00566328,1338031,91106,contract_creation,success
1a1662d389010f356fa6856a98c60851a65e6a44291c772b9b1010f7c0c60dd1,2026-01-06T05:22:39.511401,d20bbaeb65768b99bc358a8d9780d9080c7dc057,ca3579db5fee595c55c5ebbbeb90fcdb6d392add,44.39157049,0.00768567,1192966,90613,contract_call,success
647fb575f39d05a00c15c09d21e2f43f48b6ab5a85ec4c5dd0d54e7350a957af,2026-01-17T17:45:39.511401,6291e59d207f2dc8ce8a17d714f669b8bce108e7,d20bbaeb65768b99bc358a8d9780d9080c7dc057,33.97297236,0.00862603,1118848,21699,contract_call,success
bd08566693a13ad377be5fb765973ce6eb2aa93a0d9417cb119b8c479c794185,2026-01-04T16:58:39.511401,c185627f38512cad04bccef4133506ed7dd671f4,981f6c3658dd4853243430ee0e0bd9eaec99df6c,96.13220445,0.00727818,1277664,22868,contract_creation,failed
6ec746fe208b421929afdda3bc3bd10a51221e5a5f13fec587daa3a3d91db9d8,2026-01-24T08:50:39.511401,fda7db8b42faf13a2c3930a63d38ce755f778208,c76ce849452cee9e9e0d0fbd5b214f2dd225b4f8,88.3907924,0.00187331,1089283,53955,transfer,failed
eef7efc7fbecc670e0229d991bccf992ce09d79e1c0bf3c76618be30e9ae3315,2025-12-29T19:27:39.511401,6e355e44c90e0743e230b996fbcc18c8c0f0e579,24575bbc15ee3c65796c62e246b30e2694b7323d,29.34885323,0.00071935,1249919,86408,contract_call,success
e2ab2c039896e5c85c8a2e79c3cc0f6be09d54b263e5767ec081c505861cf721,2026-01-06T06:37:39.511401,e60e385d2aced64061da68030918fd35215f8799,55826cb88dcbb2e94766392a12ccfc11a86f314f,56.73264411,0.00594508,1499888,58568,contract_call,failed
be70787974a2a967c7e33af9b32a54057eb4805f0f8ce5915ce7c939817dcc37,2026-01-15T22:25:39.511401,193855b4a88021e8e55dc5c3714b5c8f2b45961f,564deb889b11c8759aeb27e1e21fa466e23b47ca,66.87335089,0.00267329,1268827,23526,transfer,success
8b4c839092bcd1c3f716d0b02186edc35773e43fbfd5501adf9c1393728a28f6,2026-01-10T16:02:39.511401,8fc0aee7eff69c3434708013314a8de61a969126,14ee9e523b74474f2747f9ce9bf36b7c9ca7b891,43.6313201,0.00920504,1466930,40124,transfer,failed
314d2d55faeb66458bd737c5a2ef883e9feba4dcf2b9a3e861b284a90c51ed4a,2025-12-31T10:25:39.511401,ae9c8d1a6877e7a06dbc55839717b59cb61d6714,772bc343eb66d2e11b8b8fab32d09d79496a3d56,29.04970377,0.00135135,1026142,44265,transfer,failed
2c3f19b0c4ae2027cea8bf120d70a7c4c7590ff52d706b6b5c00474b157c63ef,2026-01-03T14:52:39.511401,1eed843ca927e450966ee8fceff968ef074e5aff,f45d1f46d0df8d505b7b15c8db9673cae8ae71a6,78.35796482,0.00659395,1300337,59140,contract_call,success
a901bc01157111ff0d343e26757da9940c9c3ccc4faa326b2390b5ac7ed36cea,2026-01-01T22:25:39.511401,11377339b145b44f6bf2bfc905b718d4df7606c8,bd7ab7a15a6cfa91ac4a5d46944d99eb8478a13c,73.11346473,0.00902513,1100145,54204,contract_call,failed
184c7fbf674d7de34761b353abd13b01696e126c9cc413d89d87a932ddb70028,2026-01-23T06:10:39.511401,384ba575b5a90e9567e01e34799dc2377e80fd24,01a87c50928c2a3af2793b161719b4c4f12c4773,66.97253711,0.00360636,1036057,89693,contract_creation,success
401090148bce5fb16d62f0439d06810ef7abade75414fcb93387eb381710084d,2025-12-25T18:19:39.511401,709f77db8780891c6937796bb6fb722cabca37ad,ed24051a26d1c69dd1073828bb33ec921c5bf523,88.34803111,0.00722149,1311297,63163,contract_creation,failed
81e7823837092916065b1127988a81e8240d7ee0ac3481dd3aedb0dd28ad38bd,2026-01-21T03:37:39.511401,004626544ef5a0b41c0c0efc9ef1cee9f3c09aa3,304cc66140ce3bbc28257b4e8e881b04ac1a47f4,34.24425598,0.0072681,1342427,86346,contract_creation,success
59d86fe8f0547720bbd3205c4c4e44476bb04d4c9cd771b1c49e51430cd94a36,2026-01-10T02:24:39.511401,d5ea37a8c94b591caed69d439681029559e9ac7a,eeeb5f5d21c99608d4c9cddae31c499d52e2cead,63.21063146,0.00309012,1401081,37322,contract_creation,success
713dc0a3fa31a2fe2d8d659775479ad33867baaab749b8aaaa268e9bfdc481fb,2026-01-21T04:58:39.511401,ae652c784d2ffff9e1f971d68945da4fa21c8d73,b6af7e9299d3e32cf9265cfbcb3359f659ce2ea0,27.7366332,0.00605915,1264822,26817,contract_call,success
554c6d05fec29ca9ef36c12f8b49a3682db534280020dc00206721d170b2f29e,2026-01-24T07:11:39.511401,171f0a21047ab7dabffeafad4b26c9781730178e,7fcfc8df0fcb337a118bcb3e7b4ace1c71179a8c,92.13942597,0.00958864,1090545,55689,transfer,failed
74eb2340f7672bcbced33715bf07b4e14122783665301676291caa691d4503f3,2026-01-08T20:44:39.511401,76ce1762918bfe2c5c2358c1a69ac291eb257958,496f2e782644d59dcff5a85266b128ff1d5c831e,47.54213007,0.00360065,1460110,65735,contract_creation,success
96bf01f1ecbbb0b4d0d390e80f25f33ad85004bee4e421d8ae19c0e5970d2955,2026-01-03T07:42:39.511401,1bc2e9e70deffa62a3a205745a234acd9a8862e2,c76ce849452cee9e9e0d0fbd5b214f2dd225b4f8,60.53182547,0.00083386,1246340,23624,transfer,failed
638d22193e2a485f6f84c05e90311ed57831f38ddf8c4667b0363e9423ac673d,2026-01-12T04:29:39.511401,1affb008b16bc487c4116f65e7d45b2ef19dffea,9bb2091fb3b6ae32a080908973168c2a5e57b171,40.94954399,0.00255938,1411188,72865,contract_creation,failed
f7625b304289bc1fa6f6439aef56e0db6ffad0b4916179998685f43d6e6168ec,2026-01-17T16:30:39.511401,f387a3faa5c6e9cc491c4974366942be5f44df71,7c4eb476998eee90face337e3d212a5e095cbc4a,62.54488962,0.00455006,1297553,64145,contract_call,success
4963e70826f893951ff78067389990e86495a1a3b55f2be71971199378b4dc28,2026-01-21T21:07:39.511401,005b2aa8ff98324caa0775bf12701b6929c7a088,11377339b145b44f6bf2bfc905b718d4df7606c8,60.91499902,0.0099782,1307524,85884,transfer,failed
956d93fa8de255ae7c4340149a67c8e441a5c4c266c400829c2633dc0aabb495,2026-01-22T05:40:39.511401,25abd9fabf54df7f55ef1d4e8b0a08964aa40f1f,29534eb48c4aa2b34bff5c8a0b31444054ecd6ea,45.95078805,0.0066272,1382497,50406,contract_call,success
be1378f30f5269bf60425b329b7ff786c7606cf2ea574f55b83778e75bea7000,2026-01-01T02:32:39.511401,2d8347599932c8665f5c06484039ba859e0b8921,9e619719b21069076caebf3fae5631ded8cf7b9e,43.26396188,0.00225581,1342217,82035,contract_creation,success
bab3488719084c65a5ff14819fccbcdd4e34ba8644dc7d181fcab67c41ce38d5,2026-01-10T06:36:39.511401,ff329d6d494f21fe38af3962fdd5e93846fca1f4,ab5bb17e6b58fb97d83b89115a6ee695794e9637,39.56501096,0.00833848,1469886,51365,contract_creation,success
b6d2048fa297f75da7ac3e4f991064712eba6c89ca42f5b902302cefda071e2c,2026-01-08T19:49:39.511401,bd7ab7a15a6cfa91ac4a5d46944d99eb8478a13c,85ca6c323e9d72ae176d109de1da9e6c1586fcd5,14.02662112,0.00028114,1257862,50608,contract_call,failed
57b4ec04e41fa4716da1a2eae2b115d1b13e7c366fca3bba14af472fd979c224,2026-01-04T21:13:39.511401,708e13ee23e506c24901ccfc9ecbef6ca7871dea,0078d89ed477dc4c7e0999c95817e739229fb616,77.06220108,0.00493128,1334183,73875,contract_creation,success
1649d771efff3f2e7c834d492cac20b16eb93beec8e791e5a9acc1159cd9f677,2026-01-05T01:14:39.511401,f387a3faa5c6e9cc491c4974366942be5f44df71,99d4293c5e0912985cc7b15a1b841cf7effc54dc,94.61574994,0.00581538,1274380,56899,transfer,success
0ed92cd9c08207a06c158984eb51b0f34cb1508595860fb7601439651bae415f,2026-01-07T04:56:39.511401,915644c0f633be47284192536b918dd7c0bd4dd1,6f02463b4965798ad212be0ef75f45f39304fa5a,56.21113003,0.00213168,1397708,21086,contract_call,success
c46f8d83a62a74e31763d94c9273521eed3f4ecce6b416f10333af71a284785d,2026-01-21T22:10:39.511401,68e36cdd2565dadeced6f593d8714df844530601,1affb008b16bc487c4116f65e7d45b2ef19dffea,65.6982484,0.00981229,1194079,83287,transfer,failed
c2df072df5156ba0d898fa9d5c42d20bf89de71747bf3c3b75ea05ba9694a1cb,2025-12-30T16:13:39.511401,384ba575b5a90e9567e01e34799dc2377e80fd24,6291e59d207f2dc8ce8a17d714f669b8bce108e7,86.25717806,0.00829673,1005585,73884,transfer,success
07297ec5fc3512f07b91ca23f4a173b76e7272b18c5db8d58eec1e5975fcd7f6,2026-01-16T09:14:39.511401,fb1e647ac222ee1e1aeb3937fd3c73f61948b892,c185627f38512cad04bccef4133506ed7dd671f4,29.3405967,0.00429687,1133991,67309,contract_creation,success
f78fe9c91bcb2c52260ecc047ab970df20b746d46460e42ca8c849cbc9ba9d22,2026-01-14T04:14:39.511401,ffe1a779f30d7bea486bf8039a92e1d5f9b75821,af6ddd22e033d31068bc27c42af1b8913c6a5d32,82.97082556,0.00759686,1391650,38494,transfer,success
392a68256611a6354bbf3b8ab10308db090b6c5d2fe1e4c56d7399dfe5778da6,2026-01-07T07:53:39.511401,7db7af90dcaf6f861a6df7ee71fd129a23ebcb36,ad0de35182357443b56cc7bb046cf0d115dde530,81.15742826,0.00631034,1411073,32227,transfer,success
ed8fcf3bee5a20897032e47719e121853d363abd9a6ab1c6b9239952603028b4,2026-01-24T00:39:39.511401,29125aca7a66751d22bd44fff3124d31820f2cc4,29125aca7a66751d22bd44fff3124d31820f2cc4,31.25659295,0.00024986,1326854,95050,transfer,success
bd900505589f9c11704913ec746146347150e4f4ab67c1c2d6ee178d51457614,2026-01-24T10:38:39.511401,08c9911c7ff77c9dbf3940572b60f143be0ca13d,2d8347599932c8665f5c06484039ba859e0b8921,2.80730656,0.00304342,1217505,32141,transfer,success
7d685ba57bd198b97fb17478ce02dc3e017c9dffbc918617ed1e79ffbae50d8b,2026-01-02T19:01:39.511401,fede3b77d75623c0c97bd08794a83908296d836d,f45d1f46d0df8d505b7b15c8db9673cae8ae71a6,31.54751683,0.00648559,1228010,65673,transfer,success
992cb0edf78234f47e1b390229a9d2208b1a81509e7f22dd307c059c86ed81b5,2025-12-26T04:42:39.511401,24575bbc15ee3c65796c62e246b30e2694b7323d,3e2f4a9b09aa12f89265456484fb9fd74ed9905e,45.38848559,0.00930387,1108601,40665,contract_creation,success
52644b67009a99119f970c7fdd95ac025e81fafebdc215b70a483bbd75fcf2ca,2026-01-15T00:42:39.511401,68e36cdd2565dadeced6f593d8714df844530601,11f8ec630ceea492d97fbd4ecc9eed9700e204c8,54.93633676,0.00558599,1320393,37443,transfer,success
3abaafe8999566b6f7f37ce8d7d24b5cc2c5ee1bab568c2a0d73f60fec6d7b56,2026-01-21T08:21:39.511401,2636e46aac83292fb3d7ff1c0949a0d60387a45e,ed24051a26d1c69dd1073828bb33ec921c5bf523,36.14980659,0.00541695,1306537,52341,contract_creation,success
c28ad0724253e1ddd82eb342425f54ac6cdc325f40db44b9af23c901fe84778c,2026-01-22T23:04:39.511401,25d90bc3c0a3ccf6fea8327a40caade420ebf13a,d105c1ebad761f331f628f3db57cb6aa056836ba,38.56598089,0.0033589,1075946,91075,contract_creation,failed
210822954428ee3ceaacf98d0d8894c5aa5976bcccf7a689ee53efe0e53bedae,2026-01-16T11:26:39.511401,8fc0aee7eff69c3434708013314a8de61a969126,26e48918ba98f317c132e2e46877e0327e842fcc,65.46326429,0.00783443,1212987,29592,transfer,success
5cfaf1ba00d4f3a53c934a01e7cf42594dae0eaeeb1f7b07ec8c5383ba48dd74,2026-01-02T14:47:39.511401,55826cb88dcbb2e94766392a12ccfc11a86f314f,fda7db8b42faf13a2c3930a63d38ce755f778208,61.20757716,0.00963321,1174536,22756,contract_call,success
fd6e03e0b57a38422d8162eb972083feb72c566e43b711738379d6eb8a7554dd,2026-01-04T05:52:39.511401,4c0b09bb3c21060f293265138c355f3c7099be90,61f90060f90bb647830d9d1f19ab48e30a704c21,99.34218473,0.00301137,1153548,56673,transfer,success
51b260932ceb6349a3c19c59676e837d9887978239b6579ce536cad03996c410,2026-01-23T11:23:39.511401,8b657963469153c8784445df2ebf67b17739af28,85c2853c06c025a839c46e1d0d23853b0a52b175,62.14193675,0.00706397,1295783,58265,transfer,success
bd84bf3bbaaf861f9730df00ceb2e7e72433043a8fc1ff16f6314f812b75b297,2026-01-01T05:18:39.511401,1e67e4c0e3920dbc6481b3a8571a4a3b75a0906d,ab5bb17e6b58fb97d83b89115a6ee695794e9637,44.40355059,0.00647816,1338453,76114,contract_creation,success
430328ed874bacd6beec03f93aee886e0c56f554a19cc29aa0d3db25ff843d04,2026-01-15T10:52:39.511401,e7aefa40fd33f17deda38f184cf9e04b4203e38d,e60e385d2aced64061da68030918fd35215f8799,80.42565176,0.00175266,1347893,95910,contract_creation,success
1092df87eac227643d6ed93e6c00e660c63d7cfb2ac8b135fb4b25725889d1b0,2026-01-20T02:50:39.511401,de653acd01229031f45c919f983c32252b1aa1a7,bba76d3b5e5f719217869269c0b1c8f17e06e197,5.61098466,0.0093954,1135390,58839,transfer,success
21b741cf1452d6054fee3e06a12b28c6929b7cc860a7bdde64efb512bf5bbdc1,2026-01-21T18:09:39.511401,527442721d2913755f3dff2822a95fdd59c8f1a1,19cbb0bde5e402e2695da3cdc909e5ac0a6a3c93,27.00595871,0.0059072,1320445,35692,contract_creation,failed
d05950719ea6b7d3bc25c9078685094119766fe8831f86b90c19db5033cf547d,2026-01-23T09:37:39.511401,d8f6eda5fda2e11cb37f896e0193ac04e1b6362e,e7aefa40fd33f17deda38f184cf9e04b4203e38d,27.08679205,0.00841479,1154242,78798,contract_call,success
94ba62a930a1116d28c58df9599515481e420e1010aba5cac9676ecba3f5d021,2026-01-22T19:47:39.511401,b83945ea1caa91a107147047a2c49ed2a78024b2,7359806d3607465fbdd901336e347dd218827e85,59.31799987,0.00875243,1302121,57407,contract_creation,success
116152071309ee727142e60c1fc8474b15e261f78b8fa7dbedbb180f57cf3435,2026-01-06T14:00:39.511401,882b0e1975d85fb691b83e4c9168f065ed6817f1,e60e385d2aced64061da68030918fd35215f8799,15.96048248,0.00229508,1159750,46896,contract_call,success
f862c1a0702a7024f7050be3435aeda183ca74f33678bae99a66a8df858acbda,2025-12-29T19:31:39.511401,fda7db8b42faf13a2c3930a63d38ce755f778208,9bb2091fb3b6ae32a080908973168c2a5e57b171,24.83166436,0.00401977,1069243,22391,contract_call,success
fcdc8fc7d6562eae7a4ad3a42dd07f60e5bbc8834532b7ee846e5cff220789d6,2025-12-29T18:36:39.511401,fd5a20eb3531e597585954475e8597bbe88e5b9f,35371a0643f6571ce5874b7796842b06f1a556d5,22.72383567,0.00262101,1387943,50529,contract_creation,failed
53e819c49ee5977041aa2fe097f1e52bebd5acf3c7a5c7395bb35c27caeca188,2025-12-30T13:44:39.511401,7359806d3607465fbdd901336e347dd218827e85,c707182920ed11cbf257423ae8b78d48af86e48d,95.89078274,0.00332702,1225068,28534,contract_call,failed
6acd33dcd548a03a18e2394547e5c81fe3afd28241ce56ab074838e48bb97d46,2026-01-21T11:05:39.511401,709f77db8780891c6937796bb6fb722cabca37ad,c77a68817983732b183c33e33c15f6fa9bbeb710,34.96992837,0.00328865,1205990,57443,contract_creation,failed
faf8c7d7fa709521a64faca7094dc0b3bd7df62c2218510a65ec572d113f1848,2025-12-29T14:22:39.511401,b23bd39411c9ee4f6047b2c0407f06102095f903,8afb15d7d26da4ef63bde1eefbb8f2255bb9258c,53.08827408,0.00980588,1246693,95754,transfer,success
95c8e4f281d1ffcb7fdaa33bb06106d8a1dfcd095d359d03b4d6e8d4266ada73,2026-01-23T11:52:39.511401,f63812aecc934ff02830f1a5083aea49cef946ec,c77a68817983732b183c33e33c15f6fa9bbeb710,52.50723104,0.00702556,1028635,71733,contract_call,success
66f7f8f6f6f5dfe6ff71735c361191a1c966442db11a5520c43fa61c0d7cc2ef,2025-12-30T11:59:39.511401,d20bbaeb65768b99bc358a8d9780d9080c7dc057,6e355e44c90e0743e230b996fbcc18c8c0f0e579,60.16400497,0.00230047,1358344,85028,contract_creation,failed
0ee3ad81b9b315715c2b1fe1a4c8fa6bc562f9d2aa5e3aeb64c37e6772c3fa2f,2026-01-18T23:12:39.511401,8f8e1e0ec0bb4575876b1001330c6f207f21538a,7359806d3607465fbdd901336e347dd218827e85,21.27155115,0.00533508,1276345,47916,transfer,failed
7d1f51d32d9eea29a4f2d1d15726ae17606a2b8a902002ad9026e2bd285c82e7,2026-01-20T00:04:39.511401,cf1e5b42c037186e69ccf2b6bc9f73cd145a7a14,17fc5aa0e9bf08af67bac7bd083d6790e29fce5b,45.57677951,0.00256083,1093822,87086,contract_creation,success
6d5f7801c7f5bfe482fc3e31ead2cb4d6a9c0a4f847a2398f6691e0b9a93d83d,2026-01-12T23:15:39.511401,ca3579db5fee595c55c5ebbbeb90fcdb6d392add,18c87725e5abbda534e0fb34992b9dd5880c5b3c,55.36619072,0.00901136,1179461,54603,transfer,failed
d8ac3626b4afd79aa4f5c97602806fe504bbd1b3459d4fb25abb4ac5649c66ca,2026-01-22T06:08:39.511401,171f0a21047ab7dabffeafad4b26c9781730178e,303cf90702d607f65af32eba218554e93df03547,25.54606074,0.00432376,1160455,36917,contract_call,success
3b8c8ac3892e0fcd0fafe7588c22b29d0a8f6b405e5d97f47a9e5c99bbc2b3fa,2026-01-13T08:57:39.511401,9a5d3714d2b6b052b82193ae41735eaec9a5e555,b7f1f0402dce5bd5c4167bb12f5ac4f74a076c5e,5.54805506,0.00206749,1450713,21295,transfer,success
ab6f231f48d7303a77342d4cc24542f3e9d5d2bfb8a449812030144ba54eca11,2026-01-03T20:18:39.511401,f387a3faa5c6e9cc491c4974366942be5f44df71,19cbb0bde5e402e2695da3cdc909e5ac0a6a3c93,95.27869367,0.0017034,1434619,82820,contract_call,success
fe646f24f5a82b4144607b70bf2ced73e0b434a2dc2dcb55ea2e71cf929faf7a,2026-01-12T16:23:39.511401,e471a7da07d19672c5d92b13dba97970a5f9ca21,16581c5fb4c1f622b8a3812b5e0e694cf51c4543,56.10271657,0.00257562,1095214,30611,transfer,failed
28110b24dac3da6ac9d2b96b2b367b0572e3b3cbdf44d1b578bab1e8470c8b91,2026-01-15T20:02:39.511401,f387a3faa5c6e9cc491c4974366942be5f44df71,61f90060f90bb647830d9d1f19ab48e30a704c21,95.83334078,0.00997811,1314062,69854,transfer,success
d5f9cb1cab7a4b8b95503d9255d566c3610d422ca0b6ed93ae14d11393caccc4,2026-01-22T04:03:39.511401,2d1598ece3c951ccce3819bf2179639d31737d60,ca3579db5fee595c55c5ebbbeb90fcdb6d392add,92.6302215,0.00928431,1462025,40196,contract_creation,failed
b218e5bf5f5c6a42b838d37ffa94582982b1dc8cc3f252e71c4ea3fd6af16bef,2026-01-09T05:08:39.511401,83337b2889c2225d23fb6f3272fa30f69a06fd46,ff329d6d494f21fe38af3962fdd5e93846fca1f4,65.69080507,0.00887346,1170093,94326,contract_call,success
358865440ee72f6b13769386457461c46529bf2797d673d5b5f31998b51beedd,2026-01-11T02:15:39.511401,f387a3faa5c6e9cc491c4974366942be5f44df71,b1007b54bfbfe0f03ceffd3283b7e8317bbda677,71.54442077,0.00991051,1261581,41591,contract_call,success
99add6f034b48f10e390427ba2506bc7b38ee01f574205c3e79a89b10f0bbfa7,2026-01-23T14:15:39.511401,8fc0aee7eff69c3434708013314a8de61a969126,8590027e39ea65eee8acc6d730718cbe2cb226d6,58.58027998,0.00071444,1462209,25310,transfer,failed
bcc81c0b9e5002d3ca0a2dbd6d85258659176f0c1c864b2c657c225b94b20451,2025-12-26T06:54:39.511401,ffe1a779f30d7bea486bf8039a92e1d5f9b75821,29125aca7a66751d22bd44fff3124d31820f2cc4,81.67844414,0.00045824,1197256,22679,transfer,success
0f4ea21e9ddbb1d3d33d115b7d692efc482a63621d0fbdb40f0de6dc03896319,2026-01-01T01:31:39.511401,fa9669296f345d5414ff7127c9ecdacc9e4eccdc,17fc5aa0e9bf08af67bac7bd083d6790e29fce5b,62.15684241,0.00830111,1315081,83121,contract_creation,success
01ea71bacbf6ece2b000a0c439a9252b92c69c2c49b83c53eb137b5a1a1fe994,2026-01-21T20:55:39.511401,bc0d893fa8253991353e626c792f8afeb55a958b,464048cf0e5a34f7e47d5f23dcfb1d3f339c0904,29.9731006,0.00126313,1390973,37936,transfer,success
3fa939a218c6d86cce2cf925dc3cfe2afbe8969b681049cad0180caa8e635162,2025-12-28T07:28:39.511401,76ce1762918bfe2c5c2358c1a69ac291eb257958,40f1a9b32fe56231e3e8eb4169d45f5cf9892639,50.85361687,0.00452414,1118740,38791,contract_creation,success
d807f26764ae427db20c51de58b00ab56a50e1a4e67dae070a65afba086edea7,2025-12-27T07:19:39.511401,ad0de35182357443b56cc7bb046cf0d115dde530,4487f0dd0dd1ba4a8fc71657e72de70b06fd3d3c,14.17079742,0.00801329,1327807,98803,contract_call,success
5ea08e3fb54b9db17bc56c40545a465e89417965cfc1b85d21f31251fd0c13c4,2026-01-06T02:08:39.511401,5c90f8749d5bad1481f1df09b857e79a6366c13a,aef7c64708f71437c6dec3fb3b9c99fd4d2094b7,66.47486527,0.00992823,1088582,70736,transfer,failed
5f290dc141ba7534123cf82cb760f05ff636c6df1a01027dce26e015d810fd3e,2026-01-03T00:42:39.511401,35371a0643f6571ce5874b7796842b06f1a556d5,b83945ea1caa91a107147047a2c49ed2a78024b2,32.50117377,0.00396908,1375544,57314,contract_call,failed
414f3bb4aab4e036137e577ca2f9517138fe7a3f821c90afb299b7ba74066c53,2025-12-27T08:02:39.511401,afb91baa7e62aef60874b6dd1cccfcc46c71e118,45369613be549b1af81fdde504fe127b0bef1378,71.5614624,0.00797409,1316960,66201,contract_call,success
a4cff94aa180879f88d958980ebdd6b487b6a56531a4034135968023e9515122,2026-01-06T16:56:39.511401,7db7af90dcaf6f861a6df7ee71fd129a23ebcb36,ffe1a779f30d7bea486bf8039a92e1d5f9b75821,11.58454132,0.00296058,1396778,37978,contract_call,success
61f7ba9b1bcb8a6be6e383a30d02863dc5f0391b1e6963016d3bbabd30182af9,2025-12-27T18:34:39.511401,303cf90702d607f65af32eba218554e93df03547,f2c3d4fa84de8c442a47080254aecb69968586fb,44.63130307,0.00290413,1301185,38109,transfer,success
0fe8a27d573db6d980c186bf2eebe0bec047fcbaa52d649b33fda97f9621e7ac,2026-01-07T21:06:39.511401,14ee9e523b74474f2747f9ce9bf36b7c9ca7b891,7359806d3607465fbdd901336e347dd218827e85,87.21106116,0.00736756,1424738,86617,contract_call,success
fd532c0ee4bbaeac12e6a7368a2969a65bb75ee8bc362530725c5fa803a21c6a,2026-01-03T05:34:39.511401,db5f35bab4a6b72c71c4c4fb14beaf2f4d1404fe,c707182920ed11cbf257423ae8b78d48af86e48d,61.40554991,0.00488779,1085417,57575,contract_call,success
03fe82cc1631a4d1c6b655ac9c626aedf78a8042902b55efa4cf0fd890e8ab27,2026-01-17T00:17:39.511401,b7f1f0402dce5bd5c4167bb12f5ac4f74a076c5e,7cdc8d5a46842ff1bfcdeb1baab404871342d677,73.67657046,0.00973335,1158229,57726,contract_creation,success
c3de9612a0da952ceb91882fd496272bc093e644d8c875424866381bf157eaf7,2025-12-26T23:36:39.511401,c9127c673a1b24e05c2e647b3784b0009a3b503b,fd5a20eb3531e597585954475e8597bbe88e5b9f,1.2504027,0.00343078,1334477,34993,contract_creation,success
b55658d0dc6dcc21d20db42f348fd77b2293318a416bf6fe9c2d8c39ac8d7ea0,2025-12-30T09:08:39.511401,384ba575b5a90e9567e01e34799dc2377e80fd24,2636e46aac83292fb3d7ff1c0949a0d60387a45e,50.19194234,0.00178695,1314961,26220,contract_creation,success
a562e33f2f6cfc3702fca1a32cf18bc1cdf40b5054b3c29b426ceb9bcb1d2e0f,2025-12-30T19:53:39.511401,c317b4efecc8016926df00df238a82e007a3af11,40f1a9b32fe56231e3e8eb4169d45f5cf9892639,14.08066989,0.00591,1055842,91992,transfer,success
3f6e5ea7dac0d3f6cea98ecf5054bdc951b93c59ec068743154b521a6576417e,2026-01-18T04:16:39.511401,61f90060f90bb647830d9d1f19ab48e30a704c21,50e1ca291d07f081b092140207ccbe2961da3095,81.87229218,0.00272123,1080777,76456,transfer,failed
a34a8cf2a4a854df3c0149df7cb736141fad523b7f4a4c9d176bb1b205b8b67b,2026-01-06T20:54:39.511401,708e13ee23e506c24901ccfc9ecbef6ca7871dea,65edcb072bf774f56e6c48074db51e8530d5e675,16.1399628,0.00337786,1236513,27716,transfer,success
bc17b005ec21535160c9e04bd0206ea9fa6542b26ada916e41e5a136ba2954d8,2026-01-23T19:48:39.511401,1eed843ca927e450966ee8fceff968ef074e5aff,9d36844912594b411912f9d19a8ffceb703f6767,29.26898274,0.00850105,1023845,27268,transfer,success
17c04964bb9b9b41f41bd1bcacd00f1c428751d7f3b54456a523ba4556e01848,2026-01-17T18:55:39.511401,6049969581c486c82da84cf71e9b3a96874ffadb,e60e385d2aced64061da68030918fd35215f8799,74.78479968,0.00640211,1171470,99951,contract_creation,success
fc83f75f48d4a94d9c79307bb0facaffad3c7c99840a2a95c7c3389f509be6c8,2026-01-09T02:11:39.511401,5c90f8749d5bad1481f1df09b857e79a6366c13a,b8109400b5a3a15d8aaf23368df623e5481150a4,60.1422058,0.00678628,1296316,23187,contract_creation,success
ab5833ae1025e160c8f117a9aa8ca9b317c7a1c1c4665455297aaf253eec178c,2026-01-09T11:07:39.511401,2636e46aac83292fb3d7ff1c0949a0d60387a45e,8509a3601fb3cc7b3a609efbddca6064e4252828,75.73329793,0.00341769,1080320,72781,contract_call,failed
27d67eaffea81375f59eaf81f2ab724565a2f405fc2d08eb7733fd378f4da15c,2026-01-20T22:01:39.511401,772bc343eb66d2e11b8b8fab32d09d79496a3d56,728e13ef0861327b18e89e114c9c7db433fe65f8,76.18734159,0.00910854,1472985,84210,transfer,success
d1b889b54053f882e7272b7c00f3e106139d1a208bce199d9c8da80660a1ab29,2026-01-08T23:34:39.511401,889c73776465eabc59bc5926afc25fdc04d6fb20,bce711770f6faf3f3b5d95a18687e64076ad5f0b,44.92829699,0.00528679,1374022,49529,contract_call,failed
61e40b7c28f89a8fddc58cde5620a550b18087795d108a827f50f5339ff6c7b9,2026-01-12T09:37:39.511401,5a30db2cecddd32de34b2db262c9e2b8046581b6,f63812aecc934ff02830f1a5083aea49cef946ec,36.0479305,0.00314485,1185735,35181,contract_creation,success
22fb02e17ce24ba19f6c750320fc26b962fcc361f3aad88a738d93aec5dacf8c,2026-01-02T02:37:39.511401,c2ee024df625fa7c70f42745f31a382b14cbe2f7,d6cf975f6cb8faabe9bdca0cff86f9852be48d6f,33.20246054,0.0020529,1175953,52451,contract_call,success
126b146dcf3c28f53ac9de1058a6f60fe1fe711ba03c9e8c2b05c06888be5bbe,2025-12-29T21:08:39.511401,8f8e1e0ec0bb4575876b1001330c6f207f21538a,6a749b9d70303f71f0bbf15769eb15021faa1bda,80.16702733,0.0073471,1034263,69345,contract_creation,failed
f2f111ae30c8cbb344e1101f81dd4a2f7fee1bd23857fb38758a4e671d1aa855,2025-12-29T10:06:39.511401,004626544ef5a0b41c0c0efc9ef1cee9f3c09aa3,68e36cdd2565dadeced6f593d8714df844530601,3.05900296,0.00154833,1160229,53945,contract_call,success
dc1af68bac04d58cc3d5a18080fdc3a671fe75f2100a7d06ffb870f6d2165ce0,2026-01-16T13:01:39.511401,3e2f4a9b09aa12f89265456484fb9fd74ed9905e,7359806d3607465fbdd901336e347dd218827e85,18.34936884,0.0063845,1286847,33595,contract_call,failed
a76f2df381b70c79fe3f3c8defdf522e1c6c8cc41cee6ecd9dce9f680c2a519c,2026-01-24T13:46:39.511401,14ee9e523b74474f2747f9ce9bf36b7c9ca7b891,bce711770f6faf3f3b5d95a18687e64076ad5f0b,39.10821099,0.00065752,1118481,91406,transfer,success
7ed8d9c8da3a93e924635053f2b2547f788e919e609a0b7a76a66568124cf6a9,2026-01-07T14:16:39.511401,c2ee024df625fa7c70f42745f31a382b14cbe2f7,ed24051a26d1c69dd1073828bb33ec921c5bf523,80.5035499,0.00814805,1103330,33542,contract_call,failed
5f8f568f75451d6d5606c6cfdceb102b1b797ecf3666f26820916d45508d4a77,2026-01-06T02:55:39.511401,2636e46aac83292fb3d7ff1c0949a0d60387a45e,1e67e4c0e3920dbc6481b3a8571a4a3b75a0906d,27.51176147,0.0098914,1210081,38218,transfer,success
1d02330b744315feb8e8ca9c0db4dd6e07de746995f1c27ae42067c8408c93c9,2026-01-18T13:07:39.511401,afb91baa7e62aef60874b6dd1cccfcc46c71e118,6049969581c486c82da84cf71e9b3a96874ffadb,75.41492116,0.00962804,1175192,67040,transfer,success
105edbae98c46707233ba7ee55aad05b17ecc74ec9b7649c3f8fa5135d5efb3d,2026-01-15T12:58:39.511401,85c2853c06c025a839c46e1d0d23853b0a52b175,a5803e3050ac829baef8e3686936033747e677ac,45.0653054,0.00765735,1495559,75501,contract_creation,failed
4dc2a0df70e7a6a66a0cefa86f1dd574bdeb34be7511eff159d45f699a442141,2025-12-28T01:20:39.511401,c707182920ed11cbf257423ae8b78d48af86e48d,ae652c784d2ffff9e1f971d68945da4fa21c8d73,44.67730949,0.00404933,1448137,93032,contract_creation,failed
f5b2dfbd1ca6e6cd9f3e399bf06bc22e54713b484582ffc5f2ef50a01af5c233,2025-12-31T15:25:39.511401,35371a0643f6571ce5874b7796842b06f1a556d5,539fc162a71d6ee9cad032d1af8afc20b2a3c50b,93.46138085,0.0036901,1218205,51062,contract_call,success
0af683ef1a98c4f07b11b96b5e1fc6a53b232450ec3cdd01e5c7418f272dcc79,2026-01-08T16:50:39.511401,889c73776465eabc59bc5926afc25fdc04d6fb20,40f1a9b32fe56231e3e8eb4169d45f5cf9892639,91.98850739,0.00388657,1357108,56049,contract_creation,success
ffbc7a77800f0e401d6876d448d292b9a40d0888edb57b91689b6f4b4e7fc072,2026-01-09T04:16:39.511401,ffe1a779f30d7bea486bf8039a92e1d5f9b75821,fd5a20eb3531e597585954475e8597bbe88e5b9f,1.64550048,0.00030973,1060650,43495,transfer,success
31a456b3fae3b898d5e1d8db4746949da5fbabb479556f9e42ecd18f6c9fc14a,2026-01-19T20:33:39.511401,f63812aecc934ff02830f1a5083aea49cef946ec,df81c4ec88f0e53d216b9a2e65b3ee8d14a1bd6c,43.80572756,0.00764119,1463245,38985,transfer,failed
3f3971f38de396a6f12bc53f54adf3e91126f2709a2b7b733abca62a0ad01056,2026-01-18T03:04:39.511401,e60e385d2aced64061da68030918fd35215f8799,af6ddd22e033d31068bc27c42af1b8913c6a5d32,82.43123497,0.00349739,1263950,24764,contract_call,success
f938e8223eb9d0f753e2c473864763ce01c9eb6623ea073a4c9fee441bd29992,2025-12-30T20:24:39.511401,8228298289a5adee258716c0e08bf8a2d7c29a7d,43097c075c482bf54e66365e56031dd32c164a68,98.1337632,0.00885957,1122253,93075,contract_call,success
b8c442015dabd949b5022a99db9d5ef23da866bd7d73c6a1bc18560c9de59f02,2026-01-23T04:45:39.511401,11f8ec630ceea492d97fbd4ecc9eed9700e204c8,8590027e39ea65eee8acc6d730718cbe2cb226d6,31.79575978,0.00448925,1017083,96527,contract_creation,success
0a0f7881d1984bbe84fbe506fe39345198e9dafbc9cd8f0f36129e8321d3c7ef,2026-01-03T09:34:39.511401,8509a3601fb3cc7b3a609efbddca6064e4252828,85c2853c06c025a839c46e1d0d23853b0a52b175,83.71484449,0.0009373,1476439,40047,contract_creation,success
aaaf4b8e7f0e89163c0e62a724bbda2f9fa953afa1fcc73e813c1d10a978d329,2026-01-15T06:12:39.511401,9f38b252d122e220ae8277b53aa3e68cec36f42e,b6af7e9299d3e32cf9265cfbcb3359f659ce2ea0,65.76125701,0.00717746,1388421,95469,transfer,failed
6b6a632285044fffd4e1a0e3c25100777ff530b15d62f6030d4858f14e900133,2026-01-09T08:52:39.511401,25d90bc3c0a3ccf6fea8327a40caade420ebf13a,1e67e4c0e3920dbc6481b3a8571a4a3b75a0906d,92.33234368,0.00919413,1416841,25761,contract_call,success
1d14950bb92b4ed58e624bee55ea4e118841d0d7d81ccb17889119d6e5138f01,2026-01-19T18:01:39.511401,b1007b54bfbfe0f03ceffd3283b7e8317bbda677,709f77db8780891c6937796bb6fb722cabca37ad,7.4113323,0.002322,1298696,22737,contract_creation,success
09da1d9b66c3f2cd2dd2a7fe3f1303ab054f1cc15e9683d4e27625eb246352cb,2026-01-18T21:51:39.511401,19cbb0bde5e402e2695da3cdc909e5ac0a6a3c93,9bb2091fb3b6ae32a080908973168c2a5e57b171,94.47060638,0.00219107,1164391,34773,contract_call,success
38aa3ceb5072a84f9e79c5a90b13399f7889756e981904da983ae6a6070d0c68,2026-01-03T17:17:39.511401,e83f6351c3a7cdffc0155773eea39d1ad01108b3,25abd9fabf54df7f55ef1d4e8b0a08964aa40f1f,80.363442,0.0004268,1440922,50044,contract_creation,success
052c2c9b5a19ab0a5a89a08535077a112e8b80dfd49c89f07f6ed6626f85e84c,2026-01-24T00:52:39.511401,2d3042202ff4ad89b99996a782d7facae6693c0a,aef7c64708f71437c6dec3fb3b9c99fd4d2094b7,76.90500145,0.00570603,1397566,82436,transfer,success
d5bfb43edae72b0a532c7adc7120778ed828ef978e7d98d7e530f58f97ed12e7,2026-01-07T11:40:39.511401,1eed843ca927e450966ee8fceff968ef074e5aff,915644c0f633be47284192536b918dd7c0bd4dd1,28.50493778,0.00541417,1177909,72013,transfer,success
3d03dc108e1753e0e77f9f4dcf27aefb848eba4d96f0b2af181d03cb8a77206f,2026-01-01T14:20:39.511401,e83f6351c3a7cdffc0155773eea39d1ad01108b3,171f0a21047ab7dabffeafad4b26c9781730178e,73.7717788,0.00408648,1078863,38275,contract_creation,success
c87f5f26c9568146f3e38f35991e93ce581f2b35c86e26e7bdb27ee2b14232e4,2026-01-12T03:00:39.511401,b7f1f0402dce5bd5c4167bb12f5ac4f74a076c5e,bba76d3b5e5f719217869269c0b1c8f17e06e197,30.6904985,0.00255508,1192665,44349,contract_creation,success
e33a2b4891d51885a6828c3217a3f23a2e636c169f3606c59f36b817991ee92f,2025-12-28T19:47:39.511401,2d1598ece3c951ccce3819bf2179639d31737d60,18c87725e5abbda534e0fb34992b9dd5880c5b3c,27.26136974,0.00344384,1253521,48456,contract_creation,success
0f99580c13a0375ae1c667edd9ce8a96d825c828aaaff9552d40ce9374f86118,2026-01-23T01:02:39.511401,ae9c8d1a6877e7a06dbc55839717b59cb61d6714,49f5ad60e051197080a02ba73f4bc520f57cd7b3,1.95123127,0.00933747,1335536,78032,contract_call,success
2230cb7a4cb5fe91721e2bd821c888c7609b91f995e086449a32b24b267ecd6e,2026-01-01T10:06:39.511401,7cdc8d5a46842ff1bfcdeb1baab404871342d677,4379c7c8a4a0127620b22db3286160d7f5788144,31.3044611,0.00657945,1476831,66191,transfer,failed
b47e1afc8c27fbc7d3f73b4d253a63855e0d67c03a98a53d1ece6476a437be21,2026-01-14T17:08:39.511401,7359806d3607465fbdd901336e347dd218827e85,304cc66140ce3bbc28257b4e8e881b04ac1a47f4,69.87681955,0.00201087,1138252,50068,contract_call,success
c15e2611a4a48f419735fc95fd6f40e0501cab0fdcdefe28b236a7fa791bcc23,2026-01-10T04:16:39.511401,8b657963469153c8784445df2ebf67b17739af28,55826cb88dcbb2e94766392a12ccfc11a86f314f,29.53859836,0.00463495,1125760,41436,contract_call,success
cfbd249ce161e3d1c351a228ee75b445252dda3b2b240f43c588a166faadc1ca,2026-01-13T21:20:39.511401,1eed843ca927e450966ee8fceff968ef074e5aff,9bb2091fb3b6ae32a080908973168c2a5e57b171,80.23305265,0.00433048,1363154,42973,transfer,success
01d8bd674aaf2ec28d4ce38b2730a1d46100f8844a6cfd1658c2d6c8bb6ca385,2026-01-08T14:16:39.511401,193855b4a88021e8e55dc5c3714b5c8f2b45961f,18c87725e5abbda534e0fb34992b9dd5880c5b3c,41.22613507,0.00552749,1228056,70735,contract_call,failed
0f1f51caac50e5c3b4ccf147e881de054fbc4f860d07036a766e7b52ba07dcd1,2026-01-07T07:01:39.511401,9a5d3714d2b6b052b82193ae41735eaec9a5e555,74cc5ff4c5d52c49dfe116a3e8b5bf5fbfb560d0,62.53403702,0.00987714,1408724,70165,contract_creation,success
32be36b9f5aaad18c7e54ee99d6c3181e8cd521e90df73501df2ab73389b56c8,2025-12-26T06:22:39.511401,b6753c52d0583464076fd1fbbbc84f3fa3f94d51,be5be911450db327b549a3348410ca95ac10723c,53.12266567,0.00361964,1296622,40057,contract_call,success
8ce456f6f3219ec2737f1dc261f323105441406542f637476305b11cf1b361fa,2026-01-15T03:21:39.511401,8228298289a5adee258716c0e08bf8a2d7c29a7d,9d36844912594b411912f9d19a8ffceb703f6767,5.26635014,0.00259093,1447278,58298,contract_creation,success
415cdb96c97003b5362010b90761daba3fbd95eb1c366847116ccceaceb2bcf1,2026-01-12T03:33:39.511401,baf5c9f28ce8706771fe52be468642819e52addb,495a1cf8d6485881dbc1cb19cdb2c5060d11fade,62.82800456,0.00524032,1035443,90117,contract_call,success
9c8528a1544d3950a8555d60391fdf623d1695cc6f1e870cb27ef6fd7c79665b,2025-12-29T15:06:39.511401,ed24051a26d1c69dd1073828bb33ec921c5bf523,eeeb5f5d21c99608d4c9cddae31c499d52e2cead,2.59665954,0.00038986,1344822,96328,contract_creation,success
fe1718c8fffa0b1102104842224725800e23df715a2f8e995cf1f60d47d6779f,2025-12-29T10:13:39.511401,496f2e782644d59dcff5a85266b128ff1d5c831e,11377339b145b44f6bf2bfc905b718d4df7606c8,27.90677505,0.00333049,1282552,22159,contract_call,failed
7ce1c1c9eb4aeea8bf5ff9763b620cef43fb28c5c0a89348169aa3e6d1c13cef,2026-01-01T18:25:39.511401,de653acd01229031f45c919f983c32252b1aa1a7,c707182920ed11cbf257423ae8b78d48af86e48d,30.54398655,0.00366027,1217650,21561,transfer,failed
88330be06e452e81c0541c21c5b0cdfbb473e4d31ad47551bc8089bc53ab2b26,2026-01-22T19:43:39.511401,92c93a41399668366866779db94273a17b3fdd0f,fb1e647ac222ee1e1aeb3937fd3c73f61948b892,2.66466214,0.0092402,1103597,74720,contract_call,success
886c6f48637496f464786d67f405beaa31c854ad48d7ca6494873f4c25708825,2026-01-04T22:18:39.511401,cd3f762567b5ec90e9e86dc399f3c419af96a61c,a5803e3050ac829baef8e3686936033747e677ac,19.18054992,0.00187859,1362634,21442,contract_creation,failed
e85f641d8fae1b62c2a44c8ec9c10f4ebf1ccdaf6d3cd1abdb334ec0d9740474,2025-12-31T18:24:39.511401,19cbb0bde5e402e2695da3cdc909e5ac0a6a3c93,8b657963469153c8784445df2ebf67b17739af28,85.62482391,0.00017112,1110422,46840,contract_call,success
9285e25d2ffecc69854e86f33eff0954be65407370c5ea364284f4506ccacfa4,2026-01-01T21:58:39.511401,4681d64ab774c1782af962623b3aa93222885280,c2ee024df625fa7c70f42745f31a382b14cbe2f7,52.08687795,0.00736666,1402709,54540,contract_call,success
74009f0c5bcec9e1018301949afc02db02db8afac44f938d9f05a4eb1d045d23,2026-01-14T08:00:39.511401,35371a0643f6571ce5874b7796842b06f1a556d5,92c93a41399668366866779db94273a17b3fdd0f,39.78407015,0.00563037,1180490,65985,contract_call,success
61cce415a2de6bc32623e6a0ff5f20d130e16212ec38ee8f3f0f4d90722b3d0c,2026-01-13T06:09:39.511401,8757f9779d4f4437e3bb81f3fda692cc402ea869,19cbb0bde5e402e2695da3cdc909e5ac0a6a3c93,16.14082474,0.00077376,1477343,79317,transfer,failed
fc2c0bfdc92c2827f70b6afd2bc5c550d45460da27e8dfd1b6f9acaab3f69f43,2026-01-18T20:07:39.511401,6049969581c486c82da84cf71e9b3a96874ffadb,496f2e782644d59dcff5a85266b128ff1d5c831e,45.20072981,0.00362995,1485636,83184,contract_creation,success
ea13a37e5f386b1c70cc6f9a21409af2a3786f3cac9ce6e8d83a9d4664e286e3,2026-01-23T20:14:39.511401,cd3f762567b5ec90e9e86dc399f3c419af96a61c,4681d64ab774c1782af962623b3aa93222885280,54.82357779,0.00306419,1317278,44663,contract_creation,success
c02b626d1795f0cbef72d6bfda18f9e86bded84be2e4852977da84157e89be16,2026-01-02T02:44:39.511401,ff329d6d494f21fe38af3962fdd5e93846fca1f4,8afb15d7d26da4ef63bde1eefbb8f2255bb9258c,20.11072652,0.00864583,1001716,79944,transfer,success
51bb6f697e1145e1601f61ef6cd4c82b6bde875b98a49833afdee9838ab5cee8,2026-01-16T00:55:39.511401,afb91baa7e62aef60874b6dd1cccfcc46c71e118,8509a3601fb3cc7b3a609efbddca6064e4252828,20.86952796,0.00501366,1050843,22725,contract_call,success
587a899687d68ec245c8e55b6d0667d8b171c41f0ba7b2914499bde489356df7,2026-01-06T16:43:39.511401,df81c4ec88f0e53d216b9a2e65b3ee8d14a1bd6c,61f90060f90bb647830d9d1f19ab48e30a704c21,25.11966441,0.00908169,1042912,58771,transfer,failed
59bb508bcc5cc7ea993a0cfb6c8c8b3fbd7a8af975a0f52498228da1acb2e657,2026-01-14T13:36:39.511401,cd3f762567b5ec90e9e86dc399f3c419af96a61c,5ebc582acd1c8872f31ce8a20a452360294f9786,80.89870463,0.00991705,1221211,88843,transfer,success
86a016c55404f9a1f3853c16301840ce748192e718e70267462a172829bacae4,2026-01-19T15:03:39.511401,ae652c784d2ffff9e1f971d68945da4fa21c8d73,c9127c673a1b24e05c2e647b3784b0009a3b503b,16.22513524,0.00284425,1242967,92970,contract_creation,failed
9635ea16b461f19ad0b25dd9004e85f866f3ad386009f8cf499f73c9b4b9794f,2025-12-26T18:20:39.511401,ca3579db5fee595c55c5ebbbeb90fcdb6d392add,1979631e8ecb7019fd124f8a894e730818f3f023,88.83426911,0.00304588,1031086,41192,contract_call,success
b6691bcea1a1a7dba1d34db200df825993c1f72f42c5d3c2bf93f398a89a4163,2026-01-13T12:04:39.511401,889c73776465eabc59bc5926afc25fdc04d6fb20,9a5d3714d2b6b052b82193ae41735eaec9a5e555,34.36184993,0.00376132,1396082,66288,transfer,failed
a25b04c88da74051660d63f94ab3cfe54272382a431d45e1e23eb4e76b36f8d3,2026-01-18T04:04:39.511401,b602510ed7e46f8e0cf42a7507e642840d7fb341,1affb008b16bc487c4116f65e7d45b2ef19dffea,80.88871888,0.0047496,1028044,87539,transfer,success
f022fec3146f8bafa4b3ff03d74ac801494704ca448b8f023a02cb5e8f71d031,2026-01-09T10:23:39.511401,db5f35bab4a6b72c71c4c4fb14beaf2f4d1404fe,6f02463b4965798ad212be0ef75f45f39304fa5a,21.30417837,0.00771475,1362231,51467,contract_call,failed
40017885004d2ceb67751998b6312abce05092030d37d2fb9f804dd55f046f33,2026-01-18T03:09:39.511401,bde4956a3f55b09b90538e4300d92259830276d0,14ee9e523b74474f2747f9ce9bf36b7c9ca7b891,49.05608159,0.00378632,1253354,21054,contract_call,failed
cff8d652bb204e020d0967dd5e2a3c3d17c70b17443c8652e399266ae12970e3,2026-01-10T10:10:39.511401,43ac3edb0c9b6a97d1dc7e543958ea11093acb96,564deb889b11c8759aeb27e1e21fa466e23b47ca,35.11459429,0.00301703,1073647,97150,contract_call,success
95111f6cde681ad06831d6ef8ccef53aeddfee180c989571e92c8862ea247016,2025-12-28T14:58:39.511401,25abd9fabf54df7f55ef1d4e8b0a08964aa40f1f,d6732552243a48e1bdb3b7505529da07551e6fd0,39.38266353,0.00347831,1071050,67064,contract_call,success
64da482090c9a1e87c073045b08f4f439b3ae5175579d9e6fe268b219e91b2b0,2025-12-28T07:26:39.511401,a5ca8c50eb8acda11b55bdff7736c769e2cd2fe0,26e48918ba98f317c132e2e46877e0327e842fcc,89.02018828,0.00411159,1260899,24977,contract_call,success
613ce0854056a626fdfbc06633fba1fe4e188fd42f9db477f30e7d647bac29f8,2026-01-21T13:06:39.511401,1979631e8ecb7019fd124f8a894e730818f3f023,83337b2889c2225d23fb6f3272fa30f69a06fd46,21.78972925,0.00997563,1099943,34320,contract_call,success
72c7309ddeec1078bfde3c61cbbc112a18a244bd066f9eb8a49209f837f3e741,2026-01-11T23:46:39.511401,6a749b9d70303f71f0bbf15769eb15021faa1bda,882b0e1975d85fb691b83e4c9168f065ed6817f1,54.52101083,0.00665894,1302820,97774,contract_call,success
7aff09879a0073ae981186aab3b40c1319c556869e2bf0ec57938ed21531ba09,2025-12-31T05:02:39.511401,5bed41b46b7d38b2b57c1e6451eec82c4a3e30ac,17efd34b75e476b69cc5cf9f43bf67d54f713e23,14.65895213,0.00980322,1233058,86367,transfer,success
59999e53d850f24d198332fe2bf82b7adb7837f4c7510c458e3644fbba24f91a,2026-01-11T06:11:39.511401,fd5a20eb3531e597585954475e8597bbe88e5b9f,baf5c9f28ce8706771fe52be468642819e52addb,85.50472881,0.00696265,1232399,86709,contract_call,failed
a967ab91292e727332a452e76abc052c9dfe6736b62bf118c0135f4fdb88eeb0,2026-01-08T01:15:39.511401,981f6c3658dd4853243430ee0e0bd9eaec99df6c,d6cf975f6cb8faabe9bdca0cff86f9852be48d6f,70.5517641,0.00812366,1169281,56795,contract_call,failed
652807d2c1c1921fc0fe621f8c6219ed2bbd90b0651eddf24a3cf888770f97a0,2026-01-16T16:25:39.511401,2d3042202ff4ad89b99996a782d7facae6693c0a,6291e59d207f2dc8ce8a17d714f669b8bce108e7,49.95591976,0.00438806,1363712,62472,contract_creation,success
3359d8f50d1c5fa79483430b947d548d68cdebd24d0640ee322d8589866c44fb,2026-01-11T17:36:39.511401,bd7ab7a15a6cfa91ac4a5d46944d99eb8478a13c,7db7af90dcaf6f861a6df7ee71fd129a23ebcb36,70.27400156,0.00820708,1308686,44051,contract_creation,success
e37dbef67fb2a0345d662c627cd7362839bb4acc4367cacdf7fe6ef0fe093c4e,2026-01-14T14:09:39.511401,de653acd01229031f45c919f983c32252b1aa1a7,9f38b252d122e220ae8277b53aa3e68cec36f42e,9.12536352,0.007917,1136958,55144,transfer,success
01776feba7364f5c984cc629fd5076282af991881c6323852ef39c1e6a3ccefd,2026-01-04T02:40:39.511401,1bc2e9e70deffa62a3a205745a234acd9a8862e2,4681d64ab774c1782af962623b3aa93222885280,23.37063355,0.0009198,1230248,56716,transfer,success
81cc3b7ceb2155bbb74e0b26e6a59ed77efe4ccc3f409efe530557abd41b55b5,2026-01-21T00:03:39.511401,8757f9779d4f4437e3bb81f3fda692cc402ea869,17fc5aa0e9bf08af67bac7bd083d6790e29fce5b,25.97005488,0.00196574,1040710,56715,contract_creation,failed
439e8680cd1dd17f29123cda7490c94ad4a37cbfc2d9bbdb2b37094fb4353aff,2026-01-23T19:48:39.511401,f45d1f46d0df8d505b7b15c8db9673cae8ae71a6,14ee9e523b74474f2747f9ce9bf36b7c9ca7b891,34.29781338,0.00950385,1290458,50273,contract_call,success
21414f59546e876b3907c730c50716f32a4d4d91424424f6bb4a9c15bbe27cf4,2025-12-30T17:45:39.511401,bba76d3b5e5f719217869269c0b1c8f17e06e197,ab5bb17e6b58fb97d83b89115a6ee695794e9637,41.96159405,0.00077018,1076818,26981,contract_creation,success
d65235e84bffb9122fc80c09ec83ff844d25b8a9c947a0625f23381172165f6d,2026-01-07T13:44:39.511401,35371a0643f6571ce5874b7796842b06f1a556d5,cf1e5b42c037186e69ccf2b6bc9f73cd145a7a14,92.78806702,0.00679892,1493314,73104,contract_creation,failed
dc2acb2082c781963efdb687b0a44a0b08130958cbc466370b881d0f4ab2ff33,2026-01-18T01:53:39.511401,5a30db2cecddd32de34b2db262c9e2b8046581b6,b8109400b5a3a15d8aaf23368df623e5481150a4,81.14348616,0.00263051,1401900,43973,contract_call,success
65228c7dc768dc4f3ebd474ebb08ec87b06aeebc3d2d81204eab41b015f8723f,2026-01-18T05:05:39.511401,9b1d130662cf61c8bf3a4812f0fa05a2d3c81bbc,ae652c784d2ffff9e1f971d68945da4fa21c8d73,54.0132616,0.0010151,1402218,61814,transfer,failed
aed107a085d36f2e55ad53c4cae893c173d050c7d53c8f71aed727d897953448,2026-01-13T10:34:39.511401,ff329d6d494f21fe38af3962fdd5e93846fca1f4,8509a3601fb3cc7b3a609efbddca6064e4252828,67.41607567,0.00145924,1066343,46410,contract_call,success
98cc6e304ec34bbb045ef1aa18ab3ebdb9cd9bcfea3599f32abb3d3b6c2c3e99,2026-01-21T01:15:39.511401,eeeb5f5d21c99608d4c9cddae31c499d52e2cead,fa9669296f345d5414ff7127c9ecdacc9e4eccdc,59.9304107,0.00649284,1494362,26357,contract_call,success
c82cc7e8fe428e9143f7343e6b71e5ca6e85550bde3d72ff468edad2e7ed6191,2026-01-22T22:14:39.511401,8afb15d7d26da4ef63bde1eefbb8f2255bb9258c,9d36844912594b411912f9d19a8ffceb703f6767,76.21461474,0.0019301,1316519,50883,contract_creation,success
2a31d04bd0cc896983f7004f46d4202b69f4c6a8230dae05621959b8f3cb2c43,2026-01-16T07:58:39.511401,ff329d6d494f21fe38af3962fdd5e93846fca1f4,35dc07d746250fc815abaa80a7e0408b4f2809c8,35.59624951,0.00038126,1240756,49231,contract_creation,success
44d2b2acc8f89d79e60004136398a9d9e55e34d2392d8bcd28270bc95cfd8899,2026-01-22T13:56:39.511401,7b4a770527db91b03ab596a8f92fb31d628ff6f8,95897de46c6e22799d92c586096736bbef5accea,92.98632082,0.00084462,1051818,32432,transfer,failed
006b5bf81eb45ebd95b44968201e7e2a046f5912c50f1b59335dc0435ffd7c47,2025-12-31T04:43:39.511401,c317b4efecc8016926df00df238a82e007a3af11,88f00a2ad07f621eedd45078db36699b55f31e88,4.54102574,0.00112067,1168903,80265,transfer,failed
fb524473093c67510a34ff63e8632eb1e930ba34994e8ff25dcf7de908c12135,2026-01-16T20:16:39.511401,c707182920ed11cbf257423ae8b78d48af86e48d,539fc162a71d6ee9cad032d1af8afc20b2a3c50b,61.77813606,0.00105803,1463970,31705,contract_creation,failed
533a0adbd286e73b013b1e24f389efb9c37bc3dccbe86f42e6798298507478c3,2026-01-04T18:15:39.511401,ab5bb17e6b58fb97d83b89115a6ee695794e9637,ed24051a26d1c69dd1073828bb33ec921c5bf523,86.94443871,0.00252598,1382625,63605,contract_call,success
fd912621b052a6fc83e7e9be8c0d60d3ab4231a99ac642e14147b917b40e7532,2026-01-01T18:19:39.511401,fd5a20eb3531e597585954475e8597bbe88e5b9f,df81c4ec88f0e53d216b9a2e65b3ee8d14a1bd6c,76.77912724,0.00962888,1058029,54576,transfer,success
7dfa8d0e4a0629cd615951e71da723155bc505e372212d58a1fcbbf621083966,2026-01-16T09:54:39.511401,db5f35bab4a6b72c71c4c4fb14beaf2f4d1404fe,74cc5ff4c5d52c49dfe116a3e8b5bf5fbfb560d0,75.63754023,0.00855513,1199753,65727,transfer,success
64709b579590d5d013fb701593a60d13716e38544991c7259efef43a75762688,2026-01-12T11:36:39.511401,bc0d893fa8253991353e626c792f8afeb55a958b,d5ea37a8c94b591caed69d439681029559e9ac7a,49.13090581,0.00526507,1483348,51307,contract_call,failed
